flux_u,flux_g,flux_r,flux_i,flux_z,flux_Y
-1.509356,,,,,
-0.621128,,,,,
4.656728,,,,,
-1.194765,,,,,
2.519853,,,,,
0.844686,,,,,
-0.283998,,,,,
,,,,,
,,,,,
,,,,,
,,,,,
,,,,,
,,,,,
,1.501997,2.781508,-2.400607,5.743639,4.68493
,,,,,
,,,,,
,,,,,
,,,,,
,,,,,
,,,,,
,,,,,
,,,,,
,,,,,
,,,,,
,1.358524,1.692196,-3.932155,-1.685125,2.06061
,,,,,
,,,,,
,1.199614,-0.648018,-2.139933,6.647574,7.477113
-0.28007,,,,,
0.800097,,,,,
0.312602,,,,,
0.682616,,,,,
0.186827,,,,,
2.037146,,,,,
0.239253,,,,,
,,,,,
,,,,,
,,,,,
,,,,,
,-0.715025,-1.270414,1.455667,-1.406201,-2.38376
,,,,,
,,,,,
,-1.159078,-3.314113,0.340801,5.012193,1.739288
,,,,,
,,,,,
,,,,,
,,,,,
,,,,,
,,,,,
,,,,,
,,,,,
,-0.464264,1.077053,-0.368625,-2.443606,-4.042209
,,,,,
,,,,,
,-0.567665,-1.188349,1.76087,-0.557734,3.633593
,,,,,
,,,,,
,-0.608653,-0.600102,0.242133,1.01609,4.135764
-0.960387,,,,,
5.006759,,,,,
5.81184,,,,,
5.810256,,,,,
3.683146,,,,,
6.852134,,,,,
,,,,,
,,,,,
4.909561,,,,,
,3.996256,3.917186,2.479363,0.004144,6.230926
,,,,,
,,,,,
,7.569484,3.920464,3.946738,-2.833024,8.078006
,,,,,
,,,,,
,4.706986,1.089154,0.014533,8.766375,14.499623
,,,,,
,,,,,
,,,,,
,,,,,
,5.918011,2.760002,1.275813,3.007676,6.281225
,,,,,
,,,,,
,5.9357,3.934608,6.43115,3.928627,6.239892
,,,,,
,,,,,
,,,,,
,,,,,
,5.315172,7.139805,1.686841,5.126028,-4.897228
,,,,,
,,,,,
4.957114,,,,,
7.208072,,,,,
7.659755,,,,,
6.40443,,,,,
12.426838,,,,,
8.662037,,,,,
6.153831,,,,,
,,,,,
,7.681904,6.392705,4.723663,1.997267,8.440909
,,,,,
,,,,,
,5.732444,4.695167,4.383268,2.991215,-1.142237
,,,,,
,,,,,
,,,,,
,,,,,
,,,,,
,,,,,
,,,,,
,10.959743,6.431318,3.545349,6.096752,3.415102
,,,,,
,,,,,
,6.509581,6.202015,4.360083,3.084034,3.256245
,,,,,
,,,,,
,7.089098,5.147043,3.638985,2.275054,2.555774
,,,,,
,,,,,
9.165632,,,,,
9.097731,,,,,
10.305394,,,,,
7.22124,,,,,
,,,,,
,,,,,
,,,,,
,,,,,
,,,,,
,,,,,
,,,,,
,,,,,
,,,,,
,,,,,
,,,,,
,,,,,
,,,,,
,,,,,
,,,,,
,,,,,
,,,,,
,,,,,
,,,,,
,,,,,
,,,,,
,,,,,
,,,,,
,,,,,
,,,,,
,,,,,
,,,,,
,,,,,
,,,,,
,,,,,
,,,,,
,,,,,
,,,,,
,,,,,
,,,,,
,,,,,
,,,,,
,,,,,
,,,,,
,,,,,
,,,,,
,,,,,
,,,,,
,,,,,
,,,,,
,,,,,
,,,,,
,,,,,
,,,,,
,,,,,
,,,,,
,,,,,
,,,,,
,,,,,
,,,,,
,,,,,
,,,,,
,,,,,
,,,,,
,,,,,
,,,,,
,,,,,
,,,,,
,,,,,
,,,,,
,,,,,
,,,,,
,,,,,
,,,,,
,,,,,
,,,,,
,,,,,
,,,,,
,,,,,
,,,,,
,,,,,
,,,,,
,,,,,
,,,,,
