flux_u,flux_g,flux_r,flux_i,flux_z,flux_Y
,0.265562,-0.969157,1.296919,-5.841776,0.216676
,,,,,
,,,,,
,0.344765,0.787015,-0.731762,-2.386062,-0.017043
,,,,,
,,,,,
,,,,,
,,,,,
,,,,,
0.364196,,,,,
-1.518728,,,,,
0.341929,,,,,
-4.530098,,,,,
,,,,,
,,,,,
,,,,,
,,,,,
,,,,,
,-2.121867,4.015718,6.526758,5.666873,5.464702
,,,,,
,,,,,
,,,,,
,,,,,
,,,,,
,,,,,
,,,,,
,,,,,
,,,,,
,,,,,
,,,,,
,,,,,
,,,,,
,,,,,
,,,,,
1.39009,,,,,
3.434831,,,,,
,,,,,
,,,,,
,,,,,
,,,,,
,,,,,
,,,,,
,1.904801,7.050078,10.042007,17.446486,16.308207
,,,,,
,,,,,
,0.641352,8.36541,11.987439,20.394293,21.134584
,,,,,
,,,,,
,1.205155,8.321354,9.714738,14.588964,17.737768
,,,,,
,,,,,
,,,,,
,,,,,
,,,,,
,,,,,
,,,,,
,-4.301887,1.28386,3.485525,11.610986,9.973834
,,,,,
,,,,,
,1.124867,0.92185,4.428231,6.393419,11.901782
,,,,,
,,,,,
,,,,,
,,,,,
-3.372371,,,,,
-2.400004,,,,,
2.323559,,,,,
-1.48753,,,,,
-0.696876,,,,,
1.979647,,,,,
-3.189192,,,,,
,,,,,
,,,,,
,,,,,
,,,,,
,,,,,
,,,,,
,-4.700144,-2.485358,-1.619543,6.171558,3.679245
,,,,,
,,,,,
,,,,,
,,,,,
,,,,,
,,,,,
,-0.729378,-1.727705,-1.553931,1.331916,0.705626
,,,,,
,,,,,
,2.771201,1.832046,4.853128,2.059742,9.949408
,,,,,
,,,,,
,0.195352,1.003933,0.888547,8.528028,6.581578
,,,,,
0.247378,,,,,
2.151671,,,,,
3.305663,,,,,
1.94817,,,,,
-1.414265,,,,,
2.82738,,,,,
1.076145,,,,,
,,,,,
,,,,,
,,,,,
,,,,,
,-0.023515,1.625015,-0.915733,0.08825,-2.415868
,,,,,
,,,,,
,-2.358628,-2.592478,1.920524,3.238404,3.945459
,,,,,
,,,,,
,,,,,
,,,,,
,,,,,
,,,,,
,-1.120993,-0.552338,1.382668,-1.968363,2.404437
,,,,,
,,,,,
,0.53778,1.35843,0.311356,0.207397,4.639914
,,,,,
,,,,,
,0.614663,0.277704,1.061293,-1.315609,-4.448018
,,,,,
,,,,,
-1.085298,,,,,
0.95426,,,,,
-3.351251,,,,,
1.031315,,,,,
0.720961,,,,,
2.735918,,,,,
,,,,,
,,,,,
,,,,,
,-0.732978,-1.087958,0.503205,3.202581,1.728617
,,,,,
,,,,,
,0.505772,-1.839208,-3.761894,0.802066,-1.716545
,,,,,
,,,,,
,,,,,
,,,,,
,,,,,
,,,,,
,,,,,
,,,,,
,,,,,
,,,,,
,,,,,
,,,,,
,,,,,
,,,,,
,,,,,
,,,,,
,,,,,
,,,,,
,,,,,
,,,,,
,,,,,
,,,,,
,,,,,
,,,,,
,,,,,
,,,,,
,,,,,
,,,,,
,,,,,
,,,,,
,,,,,
,,,,,
,,,,,
,,,,,
,,,,,
,,,,,
,,,,,
,,,,,
,,,,,
,,,,,
,,,,,
,,,,,
,,,,,
,,,,,
,,,,,
,,,,,
,,,,,
,,,,,
,,,,,
,,,,,
,,,,,
,,,,,
,,,,,
,,,,,
,,,,,
,,,,,
,,,,,
,,,,,
,,,,,
,,,,,
,,,,,
,,,,,
,,,,,
,,,,,
,,,,,
