flux_u,flux_g,flux_r,flux_i,flux_z,flux_Y
-0.146991,,,,,
0.729957,,,,,
-0.436753,,,,,
-2.660467,,,,,
-0.486689,,,,,
0.846721,,,,,
2.655051,,,,,
,,,,,
,,,,,
,,,,,
,,,,,
,,,,,
,,,,,
,-2.305306,0.961176,-0.453272,0.564718,-2.86787
,,,,,
,,,,,
,,,,,
,,,,,
,,,,,
,,,,,
,,,,,
,,,,,
,,,,,
,,,,,
,0.225535,1.077778,3.652364,-1.638963,1.645391
,,,,,
,,,,,
,0.802476,1.047351,0.251718,2.341964,1.770793
-2.712686,,,,,
6.785995,,,,,
-0.680679,,,,,
-0.469262,,,,,
2.14673,,,,,
-1.517736,,,,,
0.300727,,,,,
,,,,,
,,,,,
,,,,,
,,,,,
,0.601006,-0.707351,-0.715711,0.392354,-2.729088
,,,,,
,,,,,
,0.246409,3.110704,-3.731499,-0.502839,-6.851463
,,,,,
,,,,,
,,,,,
,,,,,
,,,,,
,,,,,
,,,,,
,,,,,
,-1.337076,0.349067,2.975889,-1.789827,8.30456
,,,,,
,,,,,
,-0.845015,0.497587,-1.320497,-1.070029,-3.318113
,,,,,
,,,,,
,-0.50308,0.367577,0.097149,0.90072,2.966161
2.825533,,,,,
0.732236,,,,,
2.238447,,,,,
1.234265,,,,,
0.221797,,,,,
1.667359,,,,,
,,,,,
,,,,,
1.642275,,,,,
,-0.395009,1.284762,-0.718851,1.20666,1.406963
,,,,,
,,,,,
,-1.301704,1.418464,0.869566,-3.458105,2.881974
,,,,,
,,,,,
,-1.040126,-3.758509,-1.240665,-2.490603,-7.958544
,,,,,
,,,,,
,,,,,
,,,,,
,-2.42475,0.822988,-1.796884,3.014781,-1.298608
,,,,,
,,,,,
,0.797095,-0.915419,0.977702,-0.367868,3.749411
,,,,,
,,,,,
,,,,,
,,,,,
,0.637827,2.168212,3.14791,4.847385,-8.011392
,,,,,
,,,,,
-1.897828,,,,,
-1.003453,,,,,
0.776437,,,,,
3.667143,,,,,
1.025717,,,,,
-0.411708,,,,,
1.255736,,,,,
,,,,,
,1.479852,5.929731,9.083795,10.687457,17.136915
,,,,,
,,,,,
,2.20833,5.835223,7.258585,10.35534,15.576684
,,,,,
,,,,,
,,,,,
,,,,,
,,,,,
,,,,,
,,,,,
,-0.394719,10.182037,13.249132,15.353279,15.085972
,,,,,
,,,,,
,3.821648,9.000299,15.012557,18.017273,20.839899
,,,,,
,,,,,
,2.132189,7.832568,17.050299,22.798389,35.465446
,,,,,
,,,,,
0.277086,,,,,
-0.202825,,,,,
-0.40817,,,,,
2.756946,,,,,
,,,,,
,,,,,
,,,,,
,,,,,
,,,,,
,,,,,
,,,,,
,,,,,
,,,,,
,,,,,
,,,,,
,,,,,
,,,,,
,,,,,
,,,,,
,,,,,
,,,,,
,,,,,
,,,,,
,,,,,
,,,,,
,,,,,
,,,,,
,,,,,
,,,,,
,,,,,
,,,,,
,,,,,
,,,,,
,,,,,
,,,,,
,,,,,
,,,,,
,,,,,
,,,,,
,,,,,
,,,,,
,,,,,
,,,,,
,,,,,
,,,,,
,,,,,
,,,,,
,,,,,
,,,,,
,,,,,
,,,,,
,,,,,
,,,,,
,,,,,
,,,,,
,,,,,
,,,,,
,,,,,
,,,,,
,,,,,
,,,,,
,,,,,
,,,,,
,,,,,
,,,,,
,,,,,
,,,,,
,,,,,
,,,,,
,,,,,
,,,,,
,,,,,
,,,,,
,,,,,
,,,,,
,,,,,
,,,,,
,,,,,
,,,,,
,,,,,
,,,,,
,,,,,
,,,,,
