flux_u,flux_g,flux_r,flux_i,flux_z,flux_Y
1.836855,,,,,
-1.746775,,,,,
-0.013543,,,,,
-0.121971,,,,,
-4.070651,,,,,
2.828548,,,,,
-1.207042,,,,,
,,,,,
,,,,,
,,,,,
,,,,,
,,,,,
,,,,,
,2.47451,1.926995,12.931726,17.218939,23.081003
,,,,,
,,,,,
,,,,,
,,,,,
,,,,,
,,,,,
,,,,,
,,,,,
,,,,,
,,,,,
,-0.8373,1.086483,10.846325,9.160131,18.56284
,,,,,
,,,,,
,1.226658,-0.498357,5.735189,13.354743,7.081737
-2.990639,,,,,
1.74697,,,,,
-0.506663,,,,,
-1.256316,,,,,
0.535417,,,,,
1.696221,,,,,
-0.962606,,,,,
,,,,,
,,,,,
,,,,,
,,,,,
,0.41809,-1.069664,5.218962,4.346157,9.289636
,,,,,
,,,,,
,-2.307446,-1.762785,0.885454,-0.156912,4.043732
,,,,,
,,,,,
,,,,,
,,,,,
,,,,,
,,,,,
,,,,,
,,,,,
,0.398717,0.962181,2.68067,4.470077,7.312036
,,,,,
,,,,,
,0.216768,-0.000625,1.949781,4.294003,9.308053
,,,,,
,,,,,
,0.009784,0.592433,1.562666,0.462252,6.301699
-1.736174,,,,,
1.586053,,,,,
0.12176,,,,,
0.421884,,,,,
-4.169689,,,,,
1.998632,,,,,
,,,,,
,,,,,
-1.740232,,,,,
,0.698159,1.824715,2.094293,-0.221113,4.175148
,,,,,
,,,,,
,-0.796253,0.07425,0.206491,1.424153,10.502924
,,,,,
,,,,,
,0.750434,-3.217607,0.974237,-5.417101,0.019164
,,,,,
,,,,,
,,,,,
,,,,,
,1.02546,0.611045,-0.064046,-0.039593,6.961522
,,,,,
,,,,,
,0.285722,-0.976764,-1.425607,1.466303,4.659537
,,,,,
,,,,,
,,,,,
,,,,,
,1.514918,-0.068552,2.264979,4.121497,-0.384534
,,,,,
,,,,,
0.516287,,,,,
0.77205,,,,,
2.61785,,,,,
1.291826,,,,,
-1.206085,,,,,
0.627375,,,,,
-0.464778,,,,,
,,,,,
,-1.132011,0.068541,0.62233,3.611252,2.551017
,,,,,
,,,,,
,2.818667,-0.895711,-0.586526,1.372074,-0.964104
,,,,,
,,,,,
,,,,,
,,,,,
,,,,,
,,,,,
,,,,,
,0.160802,0.588652,0.178498,-0.698384,-1.783247
,,,,,
,,,,,
,-0.195983,-0.328245,1.20763,-0.400773,4.747832
,,,,,
,,,,,
,-1.800591,-1.277413,0.8539,1.68551,-4.056792
,,,,,
,,,,,
2.159471,,,,,
0.71112,,,,,
,,,,,
,,,,,
,,,,,
,,,,,
,,,,,
,,,,,
,,,,,
,,,,,
,,,,,
,,,,,
,,,,,
,,,,,
,,,,,
,,,,,
,,,,,
,,,,,
,,,,,
,,,,,
,,,,,
,,,,,
,,,,,
,,,,,
,,,,,
,,,,,
,,,,,
,,,,,
,,,,,
,,,,,
,,,,,
,,,,,
,,,,,
,,,,,
,,,,,
,,,,,
,,,,,
,,,,,
,,,,,
,,,,,
,,,,,
,,,,,
,,,,,
,,,,,
,,,,,
,,,,,
,,,,,
,,,,,
,,,,,
,,,,,
,,,,,
,,,,,
,,,,,
,,,,,
,,,,,
,,,,,
,,,,,
,,,,,
,,,,,
,,,,,
,,,,,
,,,,,
,,,,,
,,,,,
,,,,,
,,,,,
,,,,,
,,,,,
,,,,,
,,,,,
,,,,,
,,,,,
,,,,,
,,,,,
,,,,,
,,,,,
,,,,,
,,,,,
,,,,,
,,,,,
,,,,,
,,,,,
,,,,,
