flux_u,flux_g,flux_r,flux_i,flux_z,flux_Y
,4.140782,7.410658,7.079152,4.301439,4.635396
,,,,,
,,,,,
,,,,,
,,,,,
,,,,,
,,,,,
,,,,,
,,,,,
,,,,,
,,,,,
,,,,,
,,,,,
,,,,,
,5.910008,8.354345,4.981767,6.596305,5.470557
,,,,,
,,,,,
,6.49808,7.62051,10.4045,12.813979,10.664365
,,,,,
,,,,,
,,,,,
,,,,,
,,,,,
,,,,,
,,,,,
,,,,,
3.291569,,,,,
,,,,,
,,,,,
,7.446648,11.739934,10.824511,14.772278,18.566935
,,,,,
,,,,,
,3.799605,10.906906,9.446727,17.244184,17.248013
,,,,,
,,,,,
,,,,,
,,,,,
,,,,,
,,,,,
,,,,,
,,,,,
,,,,,
,7.897691,15.500343,14.418468,22.013615,34.963993
,,,,,
,,,,,
,8.419157,14.553267,11.133677,20.311253,23.58185
,,,,,
,,,,,
,9.055366,14.693525,12.467354,21.525753,21.005749
3.316308,,,,,
3.113276,,,,,
1.699782,,,,,
3.794172,,,,,
3.464938,,,,,
0.855758,,,,,
1.679436,,,,,
,,,,,
,,,,,
,,,,,
,8.519859,15.215859,14.902041,22.623209,29.446827
,,,,,
,,,,,
,10.859195,17.329611,14.801009,22.485521,32.577179
,,,,,
,,,,,
,,,,,
,,,,,
,,,,,
,,,,,
,,,,,
,,,,,
,11.80313,18.492126,14.17868,28.374868,29.488707
,,,,,
,,,,,
,10.788381,15.63749,16.732494,23.800371,31.833939
,,,,,
,,,,,
,10.542515,16.968735,15.009843,29.156107,25.377094
,,,,,
-1.48341,,,,,
0.969267,,,,,
3.044438,,,,,
6.837728,,,,,
2.299648,,,,,
0.228345,,,,,
-2.686379,,,,,
,,,,,
,,,,,
,8.363937,17.746225,14.526554,30.094534,42.602966
,,,,,
,,,,,
,10.20143,16.797523,19.786806,26.857895,38.236389
,,,,,
,,,,,
,,,,,
,,,,,
,,,,,
,,,,,
,,,,,
,9.311193,15.121454,13.309266,26.900085,28.862814
,,,,,
,,,,,
,9.007184,14.723416,15.653324,29.222803,34.763611
,,,,,
,,,,,
,7.847504,16.544327,16.159454,32.341858,32.744335
,,,,,
,,,,,
,7.919626,16.847023,14.624549,26.362974,36.891739
,,,,,
-0.005561,,,,,
2.078195,,,,,
3.240066,,,,,
1.458361,,,,,
1.587735,,,,,
,,,,,
,,,,,
,8.903313,15.415032,16.10832,25.565443,39.176743
,,,,,
,,,,,
,10.663355,17.166468,13.48298,28.719667,38.431705
,,,,,
,,,,,
,,,,,
,,,,,
,,,,,
,,,,,
,,,,,
,,,,,
,,,,,
,,,,,
,,,,,
,,,,,
,,,,,
,,,,,
,,,,,
,,,,,
,,,,,
,,,,,
,,,,,
,,,,,
,,,,,
,,,,,
,,,,,
,,,,,
,,,,,
,,,,,
,,,,,
,,,,,
,,,,,
,,,,,
,,,,,
,,,,,
,,,,,
,,,,,
,,,,,
,,,,,
,,,,,
,,,,,
,,,,,
,,,,,
,,,,,
,,,,,
,,,,,
,,,,,
,,,,,
,,,,,
,,,,,
,,,,,
,,,,,
,,,,,
,,,,,
,,,,,
,,,,,
,,,,,
,,,,,
,,,,,
,,,,,
,,,,,
,,,,,
,,,,,
,,,,,
,,,,,
,,,,,
,,,,,
,,,,,
,,,,,
,,,,,
,,,,,
,,,,,
,,,,,
,,,,,
,,,,,
,,,,,
,,,,,
,,,,,
,,,,,
,,,,,
,,,,,
,,,,,
