flux_u,flux_g,flux_r,flux_i,flux_z,flux_Y
-0.100336,,,,,
,,,,,
,,,,,
,,,,,
,,,,,
,,,,,
,-0.362528,1.569995,0.037226,3.272274,2.368221
,,,,,
,,,,,
,,,,,
,,,,,
,,,,,
,,,,,
,,,,,
,,,,,
,,,,,
,,,,,
,,,,,
,,,,,
,,,,,
,,,,,
,,,,,
-0.285867,,,,,
4.451785,,,,,
1.65001,,,,,
2.289447,,,,,
0.439644,,,,,
-1.805306,,,,,
,,,,,
,,,,,
,,,,,
,,,,,
,,,,,
,,,,,
,,,,,
,-3.104411,-0.514978,1.292237,-1.796758,-4.09643
,,,,,
,,,,,
,,,,,
,,,,,
,,,,,
,,,,,
,,,,,
,,,,,
,13.678808,29.122347,26.971878,28.79159,15.295515
,,,,,
,,,,,
,28.046062,58.821884,42.581047,39.306274,37.100361
,,,,,
,,,,,
,50.406853,88.226089,63.152981,62.04763,62.457169
,,,,,
,,,,,
,,,,,
,,,,,
,,,,,
,,,,,
,,,,,
15.438346,,,,,
16.123678,,,,,
,,,,,
,,,,,
,,,,,
,91.14682,175.05957,125.404755,135.301682,99.552292
,,,,,
,,,,,
,75.731316,172.519562,126.802322,140.499344,108.287247
,,,,,
,,,,,
,,,,,
,,,,,
,,,,,
,,,,,
,,,,,
,,,,,
,,,,,
,39.755833,119.455002,108.833664,106.964752,90.849213
,,,,,
,,,,,
,31.2663,103.219452,97.781075,95.460648,71.929482
4.52151,,,,,
10.002362,,,,,
6.743692,,,,,
4.724152,,,,,
4.777865,,,,,
,,,,,
,,,,,
,,,,,
7.505441,,,,,
8.047606,,,,,
,15.272501,46.016277,64.254929,66.76931,54.884663
,,,,,
,,,,,
,10.30529,35.0238,60.049946,62.783951,53.400852
,,,,,
,,,,,
,,,,,
,,,,,
,,,,,
,,,,,
,,,,,
,,,,,
,,,,,
,6.143729,21.265457,38.753292,48.746113,54.138275
,,,,,
,,,,,
,3.769082,16.12034,36.268387,44.237312,53.218254
,,,,,
,,,,,
,6.491464,14.263981,31.295935,38.302067,43.984699
7.856912,,,,,
8.846897,,,,,
,,,,,
,,,,,
,,,,,
,,,,,
14.47181,,,,,
,,,,,
,,,,,
,3.476093,10.16704,20.742393,29.902607,34.319588
,,,,,
,,,,,
,5.413162,8.548776,20.117395,26.595442,25.726006
,,,,,
,,,,,
,,,,,
,,,,,
,,,,,
,,,,,
,,,,,
,,,,,
,2.849712,10.006805,13.523756,23.852736,14.939576
,,,,,
,,,,,
,,,,,
,,,,,
,,,,,
,,,,,
,,,,,
,,,,,
,,,,,
,,,,,
2.05264,,,,,
0.880103,,,,,
1.922089,,,,,
,,,,,
,,,,,
,,,,,
,,,,,
,,,,,
,,,,,
,,,,,
,,,,,
,,,,,
,,,,,
,,,,,
,,,,,
,,,,,
,,,,,
,,,,,
,,,,,
,,,,,
,,,,,
,,,,,
,,,,,
,,,,,
,,,,,
,,,,,
,,,,,
,,,,,
,,,,,
,,,,,
,,,,,
,,,,,
,,,,,
,,,,,
,,,,,
,,,,,
,,,,,
,,,,,
,,,,,
,,,,,
,,,,,
,,,,,
,,,,,
,,,,,
,,,,,
,,,,,
,,,,,
,,,,,
,,,,,
,,,,,
,,,,,
,,,,,
,,,,,
,,,,,
,,,,,
,,,,,
,,,,,
,,,,,
