flux_u,flux_g,flux_r,flux_i,flux_z,flux_Y
0.616209,,,,,
1.574811,,,,,
0.438843,,,,,
8.024213,,,,,
9.370905,,,,,
14.567351,,,,,
19.138741,,,,,
,,,,,
,,,,,
,,,,,
,,,,,
,,,,,
,,,,,
,23.42309,21.253626,12.267139,10.746711,10.66409
,,,,,
,,,,,
,,,,,
,,,,,
,,,,,
,,,,,
,,,,,
,,,,,
,,,,,
,,,,,
,10.188047,14.676787,11.32254,11.235982,13.536071
,,,,,
,,,,,
,9.040997,11.520189,12.246971,8.999471,2.453539
1.907155,,,,,
0.504156,,,,,
4.086067,,,,,
1.232881,,,,,
4.546497,,,,,
-0.647976,,,,,
3.0858,,,,,
,,,,,
,,,,,
,,,,,
,,,,,
,7.633931,7.150506,8.48004,9.567367,8.562051
,,,,,
,,,,,
,6.825358,6.029367,12.283862,5.658477,13.674842
,,,,,
,,,,,
,,,,,
,,,,,
,,,,,
,,,,,
,,,,,
,,,,,
,2.179671,2.787133,6.988259,7.989825,9.671417
,,,,,
,,,,,
,1.25204,3.210461,7.553907,4.52639,4.553551
,,,,,
,,,,,
,1.692142,3.232926,6.671446,4.085234,7.381591
1.176541,,,,,
2.254811,,,,,
-0.27494,,,,,
-1.954182,,,,,
-0.106162,,,,,
-2.281562,,,,,
,,,,,
,,,,,
-0.062639,,,,,
,1.701168,3.27525,2.934602,4.718262,9.223472
,,,,,
,,,,,
,-2.918901,2.161778,4.861313,9.539312,6.647418
,,,,,
,,,,,
,5.322755,0.342366,5.732522,5.252202,10.606377
,,,,,
,,,,,
,,,,,
,,,,,
,-1.05885,3.30676,7.122722,9.570827,-12.99183
,,,,,
,,,,,
,1.48129,1.52749,5.620115,4.020278,4.217335
,,,,,
,,,,,
,,,,,
,,,,,
,-0.579124,0.857212,2.260472,5.282295,5.619293
,,,,,
,,,,,
0.789658,,,,,
4.029578,,,,,
-0.147414,,,,,
1.188581,,,,,
1.638599,,,,,
-1.586175,,,,,
-1.759984,,,,,
,,,,,
,-0.364988,0.563225,2.229069,7.353916,8.672236
,,,,,
,,,,,
,0.424079,1.579392,1.264795,8.480318,8.583731
,,,,,
,,,,,
,,,,,
,,,,,
,,,,,
,,,,,
,,,,,
,-2.566962,1.768952,2.430193,3.50759,7.500338
,,,,,
,,,,,
,,,,,
,,,,,
,,,,,
,,,,,
,,,,,
,,,,,
,,,,,
,,,,,
,,,,,
,,,,,
,,,,,
,,,,,
,,,,,
,,,,,
,,,,,
,,,,,
,,,,,
,,,,,
,,,,,
,,,,,
,,,,,
,,,,,
,,,,,
,,,,,
,,,,,
,,,,,
,,,,,
,,,,,
,,,,,
,,,,,
,,,,,
,,,,,
,,,,,
,,,,,
,,,,,
,,,,,
,,,,,
,,,,,
,,,,,
,,,,,
,,,,,
,,,,,
,,,,,
,,,,,
,,,,,
,,,,,
,,,,,
,,,,,
,,,,,
,,,,,
,,,,,
,,,,,
,,,,,
,,,,,
,,,,,
,,,,,
,,,,,
,,,,,
,,,,,
,,,,,
,,,,,
,,,,,
,,,,,
,,,,,
,,,,,
,,,,,
,,,,,
,,,,,
,,,,,
,,,,,
,,,,,
,,,,,
,,,,,
,,,,,
,,,,,
,,,,,
,,,,,
,,,,,
,,,,,
,,,,,
,,,,,
,,,,,
,,,,,
,,,,,
,,,,,
,,,,,
,,,,,
,,,,,
,,,,,
