flux_u,flux_g,flux_r,flux_i,flux_z,flux_Y
,-1.569785,6.115743,6.820393,13.385277,
,,,,,
,-0.861029,5.616168,6.615037,8.108088,4.822268
,,,,,
,,,,,
,,,,,
,,,,,
,,,,,
,,,,,
,,,,,
,,,,,
,,,,,
,,,,,
,,,,,
,,,,,
,,,,,
,,,,,
,-1.26553,4.05027,11.337232,11.805873,15.836375
,,,,,
,,,,,
,3.615993,4.355329,10.092059,12.965992,15.818122
,,,,,
,,,,,
,,,,,
,,,,,
,,,,,
,,,,,
,,,,,
,,,,,
,-3.651164,2.030803,7.578889,10.480189,19.628952
,,,,,
,,,,,
,1.409105,4.415264,6.420216,13.637416,6.194485
,,,,,
,,,,,
,,,,,
,,,,,
,,,,,
,,,,,
,,,,,
,,,,,
,,,,,
,,,,,
,,,,,
,,,,,
,,,,,
,,,,,
,-0.523335,1.347038,3.69426,3.43607,-1.373694
,,,,,
,,,,,
,-1.522808,-5.210215,1.865575,7.760624,1.87127
,,,,,
,,,,,
,,,,,
,,,,,
,,,,,
,,,,,
,-2.610889,-2.088837,2.398042,3.859237,-3.373745
,,,,,
,,,,,
,-0.155089,2.375556,0.628387,4.847707,9.022195
,,,,,
,,,,,
,0.0488,-0.903554,2.773905,4.052133,1.716478
,,,,,
,,,,,
,,,,,
,,,,,
,,,,,
-0.678516,,,,,
1.80399,,,,,
-1.693989,,,,,
1.584527,,,,,
2.347907,,,,,
,,,,,
,,,,,
,,,,,
,,,,,
,,,,,
,,,,,
,,,,,
,,,,,
,,,,,
,,,,,
,,,,,
,-0.712394,0.744362,4.686469,5.63055,7.516997
,,,,,
,,,,,
,,,,,
,-1.223637,-1.292056,1.296086,-0.289429,1.485935
,,,,,
,,,,,
,0.817443,0.237274,-1.937225,2.312765,-1.421138
,,,,,
,,,,,
,,,,,
,,,,,
,,,,,
,,,,,
,,,,,
,,,,,
2.88399,,,,,
,,,,,
,,,,,
,-1.067276,0.015955,-0.001845,-4.571122,2.405097
,,,,,
,,,,,
,-5.343693,0.802613,0.630069,0.753314,-3.648435
,,,,,
,,,,,
,,,,,
,,,,,
,,,,,
,,,,,
,-1.477849,0.945702,-1.332308,4.510907,2.132961
,,,,,
,,,,,
,0.133833,-0.237726,1.128487,1.861133,-4.114581
,,,,,
,,,,,
,0.111937,-0.261177,0.790843,2.049405,-5.55353
,,,,,
,,,,,
,-0.247775,-1.123475,-0.430051,0.912902,1.482995
-0.432774,,,,,
0.483239,,,,,
4.338917,,,,,
2.989704,,,,,
-0.34919,,,,,
2.012666,,,,,
1.3882,,,,,
,,,,,
,,,,,
,,,,,
,-0.290083,-0.065749,2.136875,0.821921,-5.649915
,,,,,
,,,,,
,4.650537,-2.647018,-0.336502,-3.132656,-2.352746
,,,,,
,,,,,
,,,,,
,,,,,
,,,,,
,,,,,
,,,,,
,,,,,
,,,,,
,,,,,
,,,,,
,,,,,
,,,,,
,,,,,
,,,,,
,,,,,
,,,,,
,,,,,
,,,,,
,,,,,
,,,,,
,,,,,
,,,,,
,,,,,
,,,,,
,,,,,
,,,,,
,,,,,
,,,,,
,,,,,
,,,,,
,,,,,
,,,,,
,,,,,
,,,,,
,,,,,
,,,,,
,,,,,
,,,,,
,,,,,
,,,,,
,,,,,
,,,,,
,,,,,
,,,,,
,,,,,
,,,,,
,,,,,
,,,,,
,,,,,
,,,,,
,,,,,
,,,,,
,,,,,
,,,,,
,,,,,
,,,,,
,,,,,
,,,,,
,,,,,
,,,,,
,,,,,
