flux_u,flux_g,flux_r,flux_i,flux_z,flux_Y
,-2.611819,-0.977129,1.07863,-0.492853,3.79255
,,,,,
,,,,,
,-1.37617,0.021979,1.015628,-0.002133,-11.55112
,,,,,
,,,,,
,,,,,
,,,,,
,,,,,
0.438197,,,,,
-1.686091,,,,,
0.020948,,,,,
1.06803,,,,,
,,,,,
,,,,,
,,,,,
,,,,,
,,,,,
,5.700086,-2.790141,0.113332,-1.245703,16.609587
,,,,,
,,,,,
,,,,,
,,,,,
,,,,,
,,,,,
,,,,,
,,,,,
,,,,,
,,,,,
,,,,,
,,,,,
,,,,,
,,,,,
,,,,,
-0.490797,,,,,
2.666769,,,,,
,,,,,
,,,,,
,,,,,
,,,,,
,,,,,
,,,,,
,-0.134437,-0.207433,-0.515472,0.897895,1.356515
,,,,,
,,,,,
,1.78809,3.357187,-0.74667,1.761451,-3.134825
,,,,,
,,,,,
,6.92683,7.960939,3.353295,5.710919,0.716567
,,,,,
,,,,,
,,,,,
,,,,,
,,,,,
,,,,,
,,,,,
,11.756248,12.973317,10.891992,10.706098,1.998101
,,,,,
,,,,,
,10.614448,8.45742,9.131392,12.109291,-0.454903
,,,,,
,,,,,
,,,,,
,,,,,
3.385612,,,,,
-0.653454,,,,,
4.359657,,,,,
0.208935,,,,,
2.002906,,,,,
-1.713623,,,,,
-4.030066,,,,,
,,,,,
,,,,,
,,,,,
,,,,,
,,,,,
,,,,,
,4.862064,5.086202,2.821583,8.017381,5.673804
,,,,,
,,,,,
,,,,,
,,,,,
,,,,,
,,,,,
,2.795052,4.409955,4.197219,10.014592,12.793771
,,,,,
,,,,,
,1.377891,4.357023,3.097299,5.029422,9.703295
,,,,,
,,,,,
,0.636153,0.080061,1.814262,2.268791,3.766253
,,,,,
2.160855,,,,,
-2.377121,,,,,
-7.030778,,,,,
-2.432227,,,,,
0.94296,,,,,
-0.601708,,,,,
-2.069814,,,,,
,,,,,
,,,,,
,,,,,
,,,,,
,1.045972,0.346279,1.954885,4.170722,5.737381
,,,,,
,,,,,
,-2.693286,1.884329,0.705422,1.202975,16.76128
,,,,,
,,,,,
,,,,,
,,,,,
,,,,,
,,,,,
,-0.007518,0.386061,0.688574,4.215033,4.616831
,,,,,
,,,,,
,-0.808401,-0.884437,1.421415,-0.16555,-0.2497
,,,,,
,,,,,
,0.365452,0.342698,3.474475,5.966081,-4.503197
,,,,,
,,,,,
-1.850411,,,,,
-1.095945,,,,,
1.658578,,,,,
-1.868202,,,,,
2.039181,,,,,
0.093869,,,,,
,,,,,
,,,,,
,,,,,
,0.306673,-0.011564,1.168951,0.037488,6.122403
,,,,,
,,,,,
,2.871525,1.567006,0.625059,1.432156,9.103642
,,,,,
,,,,,
,,,,,
,,,,,
,,,,,
,,,,,
,,,,,
,,,,,
,,,,,
,,,,,
,,,,,
,,,,,
,,,,,
,,,,,
,,,,,
,,,,,
,,,,,
,,,,,
,,,,,
,,,,,
,,,,,
,,,,,
,,,,,
,,,,,
,,,,,
,,,,,
,,,,,
,,,,,
,,,,,
,,,,,
,,,,,
,,,,,
,,,,,
,,,,,
,,,,,
,,,,,
,,,,,
,,,,,
,,,,,
,,,,,
,,,,,
,,,,,
,,,,,
,,,,,
,,,,,
,,,,,
,,,,,
,,,,,
,,,,,
,,,,,
,,,,,
,,,,,
,,,,,
,,,,,
,,,,,
,,,,,
,,,,,
,,,,,
,,,,,
,,,,,
,,,,,
,,,,,
,,,,,
,,,,,
,,,,,
