flux_u,flux_g,flux_r,flux_i,flux_z,flux_Y
,0.240146,2.555797,1.722628,-1.911528,1.889213
,,,,,
,,,,,
,-0.508842,1.838999,-0.09872,-0.809734,-7.721912
,,,,,
,,,,,
,,,,,
,,,,,
,,,,,
-0.500176,,,,,
0.861596,,,,,
-2.14368,,,,,
4.129214,,,,,
,,,,,
,,,,,
,,,,,
,,,,,
,,,,,
,-2.376929,-1.665673,5.054696,0.601951,-2.557013
,,,,,
,,,,,
,,,,,
,,,,,
,,,,,
,,,,,
,,,,,
,,,,,
,,,,,
,,,,,
,,,,,
,,,,,
,,,,,
,,,,,
,,,,,
0.114887,,,,,
5.695635,,,,,
,,,,,
,,,,,
,,,,,
,,,,,
,,,,,
,,,,,
,0.254291,0.962718,0.794623,-0.220098,4.506178
,,,,,
,,,,,
,1.024722,-1.646935,-0.569606,8.603446,-9.944878
,,,,,
,,,,,
,3.318447,2.001393,-1.353476,0.550717,-0.300181
,,,,,
,,,,,
,,,,,
,,,,,
,,,,,
,,,,,
,,,,,
,-0.435019,0.208864,-0.315707,-2.32032,14.653799
,,,,,
,,,,,
,1.135049,-0.375019,1.108589,0.957769,-1.328081
,,,,,
,,,,,
,,,,,
,,,,,
-2.446962,,,,,
1.239214,,,,,
-4.970303,,,,,
0.355451,,,,,
-0.871617,,,,,
1.836229,,,,,
6.64199,,,,,
,,,,,
,,,,,
,,,,,
,,,,,
,,,,,
,,,,,
,-0.250646,0.598595,1.270576,-0.324575,-4.447173
,,,,,
,,,,,
,,,,,
,,,,,
,,,,,
,,,,,
,9.01385,10.681574,11.450239,13.01174,5.627322
,,,,,
,,,,,
,14.153572,13.349228,16.642925,14.54237,13.812653
,,,,,
,,,,,
,11.151895,19.182356,13.544132,16.715998,10.870819
,,,,,
5.214218,,,,,
7.77594,,,,,
-1.052454,,,,,
0.233836,,,,,
-0.690727,,,,,
-0.204854,,,,,
-2.671631,,,,,
,,,,,
,,,,,
,,,,,
,,,,,
,3.479969,9.954705,14.783853,11.900075,22.367798
,,,,,
,,,,,
,9.940263,7.44298,13.659386,6.268158,24.190582
,,,,,
,,,,,
,,,,,
,,,,,
,,,,,
,,,,,
,1.637549,6.208259,11.22053,10.976215,14.939183
,,,,,
,,,,,
,1.136043,4.503641,8.901664,6.837724,13.48413
,,,,,
,,,,,
,1.894715,3.542789,6.270484,9.493128,2.111407
,,,,,
,,,,,
1.76695,,,,,
0.877846,,,,,
1.443244,,,,,
0.024673,,,,,
-0.02588,,,,,
-0.397869,,,,,
,,,,,
,,,,,
,,,,,
,-0.17402,2.416265,2.664317,0.346172,4.856775
,,,,,
,,,,,
,-2.625144,1.117535,4.279006,3.824945,-3.484211
,,,,,
,,,,,
,,,,,
,,,,,
,,,,,
,,,,,
,,,,,
,,,,,
,,,,,
,,,,,
,,,,,
,,,,,
,,,,,
,,,,,
,,,,,
,,,,,
,,,,,
,,,,,
,,,,,
,,,,,
,,,,,
,,,,,
,,,,,
,,,,,
,,,,,
,,,,,
,,,,,
,,,,,
,,,,,
,,,,,
,,,,,
,,,,,
,,,,,
,,,,,
,,,,,
,,,,,
,,,,,
,,,,,
,,,,,
,,,,,
,,,,,
,,,,,
,,,,,
,,,,,
,,,,,
,,,,,
,,,,,
,,,,,
,,,,,
,,,,,
,,,,,
,,,,,
,,,,,
,,,,,
,,,,,
,,,,,
,,,,,
,,,,,
,,,,,
,,,,,
,,,,,
,,,,,
,,,,,
,,,,,
,,,,,
