flux_u,flux_g,flux_r,flux_i,flux_z,flux_Y
,0.357396,0.678176,-4.212211,6.419852,7.300957
,,,,,
,,,,,
,,,,,
,,,,,
,,,,,
,,,,,
,,,,,
-3.113407,,,,,
-0.030695,,,,,
1.627583,,,,,
2.670457,,,,,
,,,,,
,,,,,
,,,,,
,,,,,
,,,,,
,0.84689,-1.806209,0.325476,-2.146437,8.594761
,,,,,
,,,,,
,,,,,
,,,,,
,,,,,
,,,,,
,,,,,
,,,,,
,,,,,
,,,,,
,,,,,
,0.271337,2.497194,5.931834,-9.12921,
,,,,,
,,,,,
,,,,,
3.028813,,,,,
-0.820191,,,,,
,,,,,
,,,,,
,,,,,
,,,,,
,,,,,
,,,,,
,0.166467,2.817,7.77895,8.695956,11.853853
,,,,,
,,,,,
,-0.176039,2.640438,8.206894,10.258993,0.893926
,,,,,
,,,,,
,-0.939331,5.386508,7.658878,7.901731,11.746114
,,,,,
,,,,,
,,,,,
,,,,,
,,,,,
,,,,,
,,,,,
,3.496882,2.057978,8.534307,10.209772,13.587205
,,,,,
,,,,,
,-0.086425,1.81087,8.164152,9.63093,12.952623
,,,,,
,,,,,
,,,,,
,,,,,
0.7706,,,,,
2.626251,,,,,
-1.037639,,,,,
-1.37688,,,,,
-3.887606,,,,,
-1.24087,,,,,
1.721549,,,,,
,,,,,
,,,,,
,,,,,
,,,,,
,,,,,
,,,,,
,0.442345,1.793247,4.410442,10.010533,-31.951075
,,,,,
,,,,,
,,,,,
,,,,,
,,,,,
,,,,,
,0.919472,-0.225672,-0.331789,-0.412376,2.671535
,,,,,
,,,,,
,1.830701,1.255621,-0.244364,-4.422516,5.547674
,,,,,
,,,,,
,0.959193,1.231109,2.022304,2.841009,-2.040109
,,,,,
2.51724,,,,,
-3.425176,,,,,
-0.346976,,,,,
-2.987508,,,,,
0.079329,,,,,
0.874152,,,,,
3.730483,,,,,
,,,,,
,,,,,
,,,,,
,,,,,
,0.2116,-0.343717,0.173277,2.787122,-7.567025
,,,,,
,,,,,
,0.742019,-0.638323,-2.631594,5.436771,-9.046799
,,,,,
,,,,,
,,,,,
,,,,,
,,,,,
,,,,,
,0.017598,-0.566254,0.197525,1.895283,1.396847
,,,,,
,,,,,
,1.446678,0.374742,0.234816,1.537672,8.392073
,,,,,
,,,,,
,-0.067782,0.24993,0.570616,0.584212,8.920741
,,,,,
,,,,,
-1.511618,,,,,
-2.064927,,,,,
0.09475,,,,,
-0.573756,,,,,
-3.826005,,,,,
-0.030393,,,,,
,,,,,
,,,,,
-0.625,,,,,
,0.35299,-0.580832,-0.020328,3.582582,-5.236874
,,,,,
,,,,,
,-0.43717,1.110853,0.200108,0.62007,6.605266
,,,,,
,,,,,
,,,,,
,,,,,
,,,,,
,,,,,
,,,,,
,,,,,
,,,,,
,,,,,
,,,,,
,,,,,
,,,,,
,,,,,
,,,,,
,,,,,
,,,,,
,,,,,
,,,,,
,,,,,
,,,,,
,,,,,
,,,,,
,,,,,
,,,,,
,,,,,
,,,,,
,,,,,
,,,,,
,,,,,
,,,,,
,,,,,
,,,,,
,,,,,
,,,,,
,,,,,
,,,,,
,,,,,
,,,,,
,,,,,
,,,,,
,,,,,
,,,,,
,,,,,
,,,,,
,,,,,
,,,,,
,,,,,
,,,,,
,,,,,
,,,,,
,,,,,
,,,,,
,,,,,
,,,,,
,,,,,
,,,,,
,,,,,
,,,,,
,,,,,
,,,,,
,,,,,
,,,,,
,,,,,
,,,,,
,,,,,
