flux_u,flux_g,flux_r,flux_i,flux_z,flux_Y
73.306572,,,,,
79.47541,,,,,
80.362587,,,,,
80.45961,,,,,
74.313004,,,,,
76.3339,,,,,
85.785965,,,,,
,,,,,
,,,,,
,,,,,
,,,,,
,,,,,
,,,,,
,57.767475,44.925896,33.267048,26.406672,26.474054
,,,,,
,,,,,
,,,,,
,,,,,
,,,,,
,,,,,
,,,,,
,,,,,
,,,,,
,,,,,
,48.123558,36.588982,30.505749,25.643694,32.942867
,,,,,
,,,,,
,47.590538,37.862709,29.702063,20.835646,17.844004
54.333755,,,,,
51.738693,,,,,
56.049282,,,,,
54.67202,,,,,
50.994381,,,,,
47.793648,,,,,
51.046249,,,,,
,,,,,
,,,,,
,,,,,
,,,,,
,35.420132,27.248234,22.719206,19.139818,14.516321
,,,,,
,,,,,
,32.269608,25.16305,18.227654,15.003751,15.426003
,,,,,
,,,,,
,,,,,
,,,,,
,,,,,
,,,,,
,,,,,
,,,,,
,27.524557,21.855801,15.259007,12.380407,14.971176
,,,,,
,,,,,
,25.449341,18.153337,16.589163,11.695845,11.755421
,,,,,
,,,,,
,23.198353,17.39867,14.039072,13.292914,1.098514
29.410778,,,,,
29.901093,,,,,
23.35413,,,,,
24.709778,,,,,
28.230024,,,,,
27.876015,,,,,
,,,,,
,,,,,
24.983818,,,,,
,17.331745,13.485991,10.064721,5.661337,10.269294
,,,,,
,,,,,
,15.407489,11.903247,7.196955,8.726413,10.98177
,,,,,
,,,,,
,17.879148,10.132252,8.405097,11.599091,-3.893591
,,,,,
,,,,,
,,,,,
,,,,,
,14.347558,11.813001,8.405152,4.72991,9.009915
,,,,,
,,,,,
,10.031571,7.751554,6.757879,5.095154,-0.648472
,,,,,
,,,,,
,,,,,
,,,,,
,10.570817,6.378321,9.002304,6.028693,8.225092
,,,,,
,,,,,
14.962029,,,,,
12.456135,,,,,
10.920362,,,,,
12.732356,,,,,
12.704592,,,,,
12.0234,,,,,
11.163713,,,,,
,,,,,
,6.532127,4.685966,3.35043,4.079053,-6.232693
,,,,,
,,,,,
,6.454059,7.707242,4.796168,4.737225,-2.85181
,,,,,
,,,,,
,,,,,
,,,,,
,,,,,
,,,,,
,,,,,
,,,,,
,,,,,
,,,,,
,,,,,
,,,,,
,,,,,
,,,,,
,,,,,
,,,,,
,,,,,
,,,,,
,,,,,
,,,,,
,,,,,
,,,,,
,,,,,
,,,,,
,,,,,
,,,,,
,,,,,
,,,,,
,,,,,
,,,,,
,,,,,
,,,,,
,,,,,
,,,,,
,,,,,
,,,,,
,,,,,
,,,,,
,,,,,
,,,,,
,,,,,
,,,,,
,,,,,
,,,,,
,,,,,
,,,,,
,,,,,
,,,,,
,,,,,
,,,,,
,,,,,
,,,,,
,,,,,
,,,,,
,,,,,
,,,,,
,,,,,
,,,,,
,,,,,
,,,,,
,,,,,
,,,,,
,,,,,
,,,,,
,,,,,
,,,,,
,,,,,
,,,,,
,,,,,
,,,,,
,,,,,
,,,,,
,,,,,
,,,,,
,,,,,
,,,,,
,,,,,
,,,,,
,,,,,
,,,,,
,,,,,
,,,,,
,,,,,
,,,,,
,,,,,
,,,,,
,,,,,
,,,,,
,,,,,
,,,,,
,,,,,
,,,,,
,,,,,
,,,,,
,,,,,
,,,,,
,,,,,
,,,,,
,,,,,
