flux_u,flux_g,flux_r,flux_i,flux_z,flux_Y
,-2.814887,0.970663,-2.830823,15.3924,
,,,,,
,-0.548789,-1.569,-0.390157,-3.371314,-1.874357
,,,,,
,,,,,
,,,,,
,,,,,
,,,,,
,,,,,
,,,,,
,,,,,
,,,,,
,,,,,
,,,,,
,,,,,
,,,,,
,,,,,
,0.892507,-0.728366,-0.236872,2.342501,-1.896941
,,,,,
,,,,,
,0.73845,-0.83687,-0.769739,-0.008474,-5.506285
,,,,,
,,,,,
,,,,,
,,,,,
,,,,,
,,,,,
,,,,,
,,,,,
,1.154732,-1.733628,-5.132904,-1.291907,6.738172
,,,,,
,,,,,
,-0.186623,-0.869866,-4.35314,2.846301,-7.11298
,,,,,
,,,,,
,,,,,
,,,,,
,,,,,
,,,,,
,,,,,
,,,,,
,,,,,
,,,,,
,,,,,
,,,,,
,,,,,
,,,,,
,0.950388,6.212335,6.241306,8.740576,-4.277845
,,,,,
,,,,,
,4.936099,6.191789,11.78341,15.563403,20.227591
,,,,,
,,,,,
,,,,,
,,,,,
,,,,,
,,,,,
,5.749503,14.428469,18.32934,19.91785,15.425767
,,,,,
,,,,,
,6.705148,17.870264,21.895573,30.006144,20.386999
,,,,,
,,,,,
,7.708387,21.35697,28.553885,30.271332,23.733854
,,,,,
,,,,,
,,,,,
,,,,,
,,,,,
1.585899,,,,,
-0.493427,,,,,
-1.584322,,,,,
-1.323852,,,,,
-3.126469,,,,,
,,,,,
,,,,,
,,,,,
,,,,,
,,,,,
,,,,,
,,,,,
,,,,,
,,,,,
,,,,,
,,,,,
,-2.786928,4.590282,10.659874,15.11382,22.114187
,,,,,
,,,,,
,,,,,
,1.020373,3.614053,4.663407,15.797151,21.296995
,,,,,
,,,,,
,0.856999,3.417583,7.323598,13.543651,12.64518
,,,,,
,,,,,
,,,,,
,,,,,
,,,,,
,,,,,
,,,,,
,,,,,
-1.040257,,,,,
,,,,,
,,,,,
,0.60958,0.815892,4.113762,5.655277,14.942512
,,,,,
,,,,,
,2.516287,2.190946,8.770788,12.8543,18.997904
,,,,,
,,,,,
,,,,,
,,,,,
,,,,,
,,,,,
,-0.691671,1.165188,6.605302,4.872067,-0.323103
,,,,,
,,,,,
,-0.131151,3.785098,4.007171,-0.591987,3.944745
,,,,,
,,,,,
,0.163981,0.834889,2.868409,5.886928,8.650468
,,,,,
,,,,,
,0.05517,0.241726,2.525632,8.977736,0.264369
-2.372911,,,,,
0.754023,,,,,
1.341555,,,,,
0.137038,,,,,
-1.42371,,,,,
-1.406472,,,,,
1.582361,,,,,
,,,,,
,,,,,
,,,,,
,-1.016342,-0.431894,2.232164,4.171924,8.889083
,,,,,
,,,,,
,-2.251762,0.84387,5.179471,10.335744,4.085161
,,,,,
,,,,,
,,,,,
,,,,,
,,,,,
,,,,,
,,,,,
,,,,,
,,,,,
,,,,,
,,,,,
,,,,,
,,,,,
,,,,,
,,,,,
,,,,,
,,,,,
,,,,,
,,,,,
,,,,,
,,,,,
,,,,,
,,,,,
,,,,,
,,,,,
,,,,,
,,,,,
,,,,,
,,,,,
,,,,,
,,,,,
,,,,,
,,,,,
,,,,,
,,,,,
,,,,,
,,,,,
,,,,,
,,,,,
,,,,,
,,,,,
,,,,,
,,,,,
,,,,,
,,,,,
,,,,,
,,,,,
,,,,,
,,,,,
,,,,,
,,,,,
,,,,,
,,,,,
,,,,,
,,,,,
,,,,,
,,,,,
,,,,,
,,,,,
,,,,,
,,,,,
,,,,,
