flux_u,flux_g,flux_r,flux_i,flux_z,flux_Y
,11.425562,10.151109,8.815372,6.276118,2.148754
,,,,,
,,,,,
,,,,,
,,,,,
,,,,,
,,,,,
,,,,,
,,,,,
,6.855088,6.772372,9.73582,5.546651,-4.811027
,,,,,
,,,,,
,8.010976,3.889493,4.640849,5.4373,5.224262
,,,,,
,,,,,
,,,,,
,,,,,
,,,,,
,,,,,
,,,,,
,,,,,
,,,,,
,,,,,
,,,,,
,,,,,
,,,,,
,,,,,
,4.862924,3.607433,3.668365,5.988127,-3.545327
,,,,,
,,,,,
,5.444528,7.032423,8.367377,1.73063,11.47906
,,,,,
,,,,,
,,,,,
,,,,,
,,,,,
,,,,,
,,,,,
,7.878,5.33464,4.399395,4.711256,5.720391
,,,,,
,,,,,
,4.834245,4.578398,2.736885,6.205947,0.087011
,,,,,
,,,,,
,2.441335,1.734833,2.97283,3.066933,0.121896
,,,,,
,,,,,
,,,,,
3.397971,,,,,
-0.819733,,,,,
2.519177,,,,,
0.348494,,,,,
-0.151011,,,,,
1.744293,,,,,
,,,,,
,,,,,
,-0.950667,-0.419505,-2.7975,0.786403,5.584881
,,,,,
,,,,,
,,,,,
,,,,,
,,,,,
,,,,,
,,,,,
,,,,,
,,,,,
,2.727883,3.031253,3.420224,-1.402971,1.090203
,,,,,
,,,,,
,2.139216,0.608272,0.442023,0.965706,3.123935
,,,,,
,,,,,
,1.102872,2.246566,2.327507,-0.755792,9.463269
,,,,,
,,,,,
,,,,,
,,,,,
,,,,,
,,,,,
,,,,,
,,,,,
1.095586,,,,,
,,,,,
,,,,,
,3.284173,1.707034,2.578468,2.359209,8.63815
,,,,,
,,,,,
,-2.046507,2.490399,4.283902,2.04951,1.950481
,,,,,
,,,,,
,,,,,
,,,,,
,,,,,
,,,,,
,,,,,
,,,,,
,1.478598,-0.708447,0.982105,1.089231,5.058379
,,,,,
,,,,,
,-0.279803,-0.549456,0.300045,-0.225545,8.687727
,,,,,
,,,,,
,-3.032252,-1.13665,-1.316026,-2.586221,4.236919
,,,,,
0.213732,,,,,
0.374353,,,,,
-0.306539,,,,,
-3.006738,,,,,
-3.113152,,,,,
-1.595428,,,,,
-2.520396,,,,,
,,,,,
,,,,,
,,,,,
,-2.554472,-3.070451,-4.230881,-3.756241,-7.243386
,,,,,
,,,,,
,,,,,
,,,,,
,,,,,
,,,,,
,,,,,
,,,,,
,,,,,
,,,,,
,,,,,
,-4.053055,-3.164676,-4.173837,-4.448702,-12.754296
,,,,,
,,,,,
,-5.164167,-3.507066,-5.398029,-1.515808,3.691827
,,,,,
,,,,,
,-6.012522,-4.368299,-5.814899,-3.435098,-12.722884
,,,,,
,,,,,
-6.265769,,,,,
-4.686123,,,,,
-5.893192,,,,,
-9.102561,,,,,
-5.180499,,,,,
-5.761412,,,,,
,,,,,
,,,,,
,,,,,
,,,,,
,,,,,
,,,,,
,,,,,
,,,,,
,,,,,
,,,,,
,,,,,
,,,,,
,,,,,
,,,,,
,,,,,
,,,,,
,,,,,
,,,,,
,,,,,
,,,,,
,,,,,
,,,,,
,,,,,
,,,,,
,,,,,
,,,,,
,,,,,
,,,,,
,,,,,
,,,,,
,,,,,
,,,,,
,,,,,
,,,,,
,,,,,
,,,,,
,,,,,
,,,,,
,,,,,
,,,,,
,,,,,
,,,,,
,,,,,
,,,,,
,,,,,
,,,,,
,,,,,
,,,,,
,,,,,
,,,,,
,,,,,
,,,,,
,,,,,
,,,,,
,,,,,
,,,,,
,,,,,
,,,,,
,,,,,
