flux_u,flux_g,flux_r,flux_i,flux_z,flux_Y
,4.099455,5.367223,6.321197,38.254803,
,,,,,
,1.402714,6.533447,13.479774,19.345396,21.617357
,,,,,
,,,,,
,,,,,
,,,,,
,,,,,
,,,,,
,,,,,
,,,,,
,,,,,
,,,,,
,,,,,
,,,,,
,,,,,
,,,,,
,1.979408,4.931705,15.56083,29.406015,27.227676
,,,,,
,,,,,
,2.66094,3.440184,9.842818,22.140478,27.314314
,,,,,
,,,,,
,,,,,
,,,,,
,,,,,
,,,,,
,,,,,
,,,,,
,-0.420628,3.45399,9.053153,18.215439,27.65037
,,,,,
,,,,,
,2.843244,-0.888335,3.206087,15.318616,19.376759
,,,,,
,,,,,
,,,,,
,,,,,
,,,,,
,,,,,
,,,,,
,,,,,
,,,,,
,,,,,
,,,,,
,,,,,
,,,,,
,,,,,
,-0.30889,0.233901,1.904383,6.041001,22.93503
,,,,,
,,,,,
,-0.060946,4.809949,5.941212,5.577542,7.621832
,,,,,
,,,,,
,,,,,
,,,,,
,,,,,
,,,,,
,1.127692,0.741221,4.60157,3.303598,2.570604
,,,,,
,,,,,
,0.278175,-0.920397,3.291652,5.495354,13.211606
,,,,,
,,,,,
,-1.144834,1.916391,0.710921,4.609357,-0.783955
,,,,,
,,,,,
,,,,,
,,,,,
,,,,,
-0.25375,,,,,
3.207224,,,,,
-3.487846,,,,,
-3.706261,,,,,
5.281476,,,,,
,,,,,
,,,,,
,,,,,
,,,,,
,,,,,
,,,,,
,,,,,
,,,,,
,,,,,
,,,,,
,,,,,
,-0.724643,0.285265,1.464044,1.336912,9.931306
,,,,,
,,,,,
,,,,,
,-1.252015,0.640387,2.839876,7.447199,3.750958
,,,,,
,,,,,
,1.652508,0.698311,2.788458,1.715186,5.06881
,,,,,
,,,,,
,,,,,
,,,,,
,,,,,
,,,,,
,,,,,
,,,,,
0.998796,,,,,
,,,,,
,,,,,
,0.256996,-0.488727,-0.172715,-0.952418,-0.171687
,,,,,
,,,,,
,3.071488,0.897501,-0.569327,4.483739,-3.339072
,,,,,
,,,,,
,,,,,
,,,,,
,,,,,
,,,,,
,-0.025512,0.340921,3.24193,2.31802,0.343732
,,,,,
,,,,,
,0.890937,1.063984,2.220389,0.534652,14.291352
,,,,,
,,,,,
,0.311939,1.004954,1.06476,-0.240582,4.030459
,,,,,
,,,,,
,-1.553145,0.384771,1.843634,1.794296,1.009642
-1.405915,,,,,
-1.360593,,,,,
-2.341803,,,,,
-1.855095,,,,,
1.789264,,,,,
3.163838,,,,,
1.280342,,,,,
,,,,,
,,,,,
,,,,,
,-1.042179,0.436536,1.140188,1.790226,2.340857
,,,,,
,,,,,
,0.475876,-3.269163,-0.279018,5.078078,-5.031789
,,,,,
,,,,,
,,,,,
,,,,,
,,,,,
,,,,,
,,,,,
,,,,,
,,,,,
,,,,,
,,,,,
,,,,,
,,,,,
,,,,,
,,,,,
,,,,,
,,,,,
,,,,,
,,,,,
,,,,,
,,,,,
,,,,,
,,,,,
,,,,,
,,,,,
,,,,,
,,,,,
,,,,,
,,,,,
,,,,,
,,,,,
,,,,,
,,,,,
,,,,,
,,,,,
,,,,,
,,,,,
,,,,,
,,,,,
,,,,,
,,,,,
,,,,,
,,,,,
,,,,,
,,,,,
,,,,,
,,,,,
,,,,,
,,,,,
,,,,,
,,,,,
,,,,,
,,,,,
,,,,,
,,,,,
,,,,,
,,,,,
,,,,,
,,,,,
,,,,,
,,,,,
,,,,,
