flux_u,flux_g,flux_r,flux_i,flux_z,flux_Y
,-5.194284,-2.25414,-4.455548,0.341771,
,,,,,
,-3.621811,-2.972499,-4.70308,-6.297717,-0.390687
,,,,,
,,,,,
,,,,,
,,,,,
,,,,,
,,,,,
,,,,,
,,,,,
,,,,,
,,,,,
,,,,,
,,,,,
,,,,,
,,,,,
,-3.551863,-5.288969,-4.346045,-4.406713,-6.989756
,,,,,
,,,,,
,2.427221,7.367614,1.131743,-0.154772,10.753074
,,,,,
,,,,,
,,,,,
,,,,,
,,,,,
,,,,,
,,,,,
,,,,,
,2.536766,2.186934,-2.090826,-3.294482,-9.34383
,,,,,
,,,,,
,-1.045157,-1.849106,-1.957674,-1.537834,0.238218
,,,,,
,,,,,
,,,,,
,,,,,
,,,,,
,,,,,
,,,,,
,,,,,
,,,,,
,,,,,
,,,,,
,,,,,
,,,,,
,,,,,
,-3.599933,-4.235285,-4.735099,-7.558294,-6.539633
,,,,,
,,,,,
,-9.136864,-5.808008,-1.456588,-4.973175,-9.773367
,,,,,
,,,,,
,,,,,
,,,,,
,,,,,
,,,,,
,-7.889866,-8.679275,-4.9566,-9.718256,-6.539872
,,,,,
,,,,,
,-6.515971,-9.47541,-9.243883,-16.888319,-9.393376
,,,,,
,,,,,
,-9.048916,-8.607944,-9.220016,-11.839087,-11.463813
,,,,,
,,,,,
,,,,,
,,,,,
,,,,,
-14.889809,,,,,
-8.925976,,,,,
-11.898176,,,,,
-12.883258,,,,,
-4.40763,,,,,
,,,,,
,,,,,
,,,,,
,,,,,
,,,,,
,,,,,
,,,,,
,,,,,
,,,,,
,,,,,
,,,,,
,-11.291021,-13.2458,-12.309024,-13.244531,-15.981524
,,,,,
,,,,,
,,,,,
,-9.531334,-11.341203,-14.334146,-17.96789,-6.871364
,,,,,
,,,,,
,-10.109036,-12.105717,-11.623289,-18.937323,-20.581116
,,,,,
,,,,,
,,,,,
,,,,,
,,,,,
,,,,,
,,,,,
,,,,,
-10.155499,,,,,
,,,,,
,,,,,
,-7.844643,-7.095866,-10.782568,-13.625681,-6.068064
,,,,,
,,,,,
,-6.555094,-8.190088,-12.523677,-15.274207,-16.663061
,,,,,
,,,,,
,,,,,
,,,,,
,,,,,
,,,,,
,-8.020452,-9.43812,-8.988414,-20.44467,-10.166398
,,,,,
,,,,,
,-6.007176,-9.123507,-6.268921,-17.837034,-24.93302
,,,,,
,,,,,
,-6.453026,-7.616473,-7.016132,-11.556982,-9.267855
,,,,,
,,,,,
,-6.725276,-7.749433,-7.943051,-10.730644,-9.705722
-7.175106,,,,,
-7.842366,,,,,
-4.597663,,,,,
-9.909455,,,,,
-7.859211,,,,,
-10.093943,,,,,
-10.060064,,,,,
,,,,,
,,,,,
,,,,,
,-6.762927,-8.042599,-10.610973,-12.512932,-19.045765
,,,,,
,,,,,
,-7.652137,-11.450842,-8.798492,-14.711469,-4.951705
,,,,,
,,,,,
,,,,,
,,,,,
,,,,,
,,,,,
,,,,,
,,,,,
,,,,,
,,,,,
,,,,,
,,,,,
,,,,,
,,,,,
,,,,,
,,,,,
,,,,,
,,,,,
,,,,,
,,,,,
,,,,,
,,,,,
,,,,,
,,,,,
,,,,,
,,,,,
,,,,,
,,,,,
,,,,,
,,,,,
,,,,,
,,,,,
,,,,,
,,,,,
,,,,,
,,,,,
,,,,,
,,,,,
,,,,,
,,,,,
,,,,,
,,,,,
,,,,,
,,,,,
,,,,,
,,,,,
,,,,,
,,,,,
,,,,,
,,,,,
,,,,,
,,,,,
,,,,,
,,,,,
,,,,,
,,,,,
,,,,,
,,,,,
,,,,,
,,,,,
,,,,,
,,,,,
