flux_u,flux_g,flux_r,flux_i,flux_z,flux_Y
,0.296674,0.414858,-0.695678,-0.054987,-0.023865
,,,,,
,,,,,
,,,,,
,,,,,
,,,,,
,,,,,
,,,,,
,,,,,
,0.216818,3.107299,2.459509,-1.514007,8.917331
,,,,,
,,,,,
,0.394219,-1.273109,-0.684324,-1.089411,-2.443911
,,,,,
,,,,,
,,,,,
,,,,,
,,,,,
,,,,,
,,,,,
,,,,,
,,,,,
,,,,,
,,,,,
,,,,,
,,,,,
,,,,,
,-0.501001,0.724383,2.408915,-3.107599,3.410255
,,,,,
,,,,,
,-5.236084,-0.57163,3.881411,-2.364156,-5.053238
,,,,,
,,,,,
,,,,,
,,,,,
,,,,,
,,,,,
,,,,,
,0.864614,-1.77189,2.538917,-2.20196,-3.271675
,,,,,
,,,,,
,1.255599,0.023389,0.267882,3.29039,-3.386518
,,,,,
,,,,,
,0.656286,1.607861,-1.96386,-0.089543,4.19449
,,,,,
,,,,,
,,,,,
-1.491964,,,,,
1.144768,,,,,
-0.01162,,,,,
-0.825738,,,,,
2.471596,,,,,
3.92727,,,,,
,,,,,
,,,,,
,0.650495,-0.468145,0.141432,0.900348,-7.37733
,,,,,
,,,,,
,,,,,
,,,,,
,,,,,
,,,,,
,,,,,
,,,,,
,,,,,
,-0.1156,5.446146,4.259626,7.161597,5.12075
,,,,,
,,,,,
,-0.678635,5.314757,8.355708,7.372257,7.23361
,,,,,
,,,,,
,0.371641,6.23917,12.127929,12.609005,6.004623
,,,,,
,,,,,
,,,,,
,,,,,
,,,,,
,,,,,
,,,,,
,,,,,
-0.970846,,,,,
,,,,,
,,,,,
,1.147274,11.604561,17.881645,23.551661,11.026616
,,,,,
,,,,,
,1.993057,7.238853,20.509302,16.328829,24.796938
,,,,,
,,,,,
,,,,,
,,,,,
,,,,,
,,,,,
,,,,,
,,,,,
,0.667552,5.756149,17.045576,17.522375,14.569038
,,,,,
,,,,,
,0.319522,4.9237,15.587314,16.746578,19.954479
,,,,,
,,,,,
,0.37908,4.053355,12.747236,22.168131,29.699404
,,,,,
1.076061,,,,,
2.392973,,,,,
0.960588,,,,,
0.336765,,,,,
-1.402279,,,,,
-0.165725,,,,,
0.567828,,,,,
,,,,,
,,,,,
,,,,,
,0.914858,1.393298,5.250843,14.64524,13.79947
,,,,,
,,,,,
,,,,,
,,,,,
,,,,,
,,,,,
,,,,,
,,,,,
,,,,,
,,,,,
,,,,,
,-0.984845,-0.086233,2.778435,5.073786,9.683205
,,,,,
,,,,,
,0.380292,1.246794,0.549113,7.658349,8.392409
,,,,,
,,,,,
,-0.452151,-1.892576,-0.399562,3.89326,2.560541
,,,,,
,,,,,
-1.718448,,,,,
-1.395141,,,,,
-1.370225,,,,,
-1.883691,,,,,
-1.874939,,,,,
2.149805,,,,,
,,,,,
,,,,,
,,,,,
,,,,,
,,,,,
,,,,,
,,,,,
,,,,,
,,,,,
,,,,,
,,,,,
,,,,,
,,,,,
,,,,,
,,,,,
,,,,,
,,,,,
,,,,,
,,,,,
,,,,,
,,,,,
,,,,,
,,,,,
,,,,,
,,,,,
,,,,,
,,,,,
,,,,,
,,,,,
,,,,,
,,,,,
,,,,,
,,,,,
,,,,,
,,,,,
,,,,,
,,,,,
,,,,,
,,,,,
,,,,,
,,,,,
,,,,,
,,,,,
,,,,,
,,,,,
,,,,,
,,,,,
,,,,,
,,,,,
,,,,,
,,,,,
,,,,,
,,,,,
,,,,,
,,,,,
,,,,,
,,,,,
,,,,,
,,,,,
