flux_u,flux_g,flux_r,flux_i,flux_z,flux_Y
,-0.045752,0.463138,-0.928531,-0.238119,-2.427243
,,,,,
,,,,,
,,,,,
,,,,,
,,,,,
,,,,,
,,,,,
,,,,,
,-0.012811,4.444088,1.205742,2.264615,0.242096
,,,,,
,,,,,
,1.57477,-0.174069,1.9134,3.381158,2.473784
,,,,,
,,,,,
,,,,,
,,,,,
,,,,,
,,,,,
,,,,,
,,,,,
,,,,,
,,,,,
,,,,,
,,,,,
,,,,,
,,,,,
,0.577462,1.265393,1.61712,4.949052,3.988781
,,,,,
,,,,,
,0.979454,4.976223,2.044107,5.080059,9.067995
,,,,,
,,,,,
,,,,,
,,,,,
,,,,,
,,,,,
,,,,,
,1.397526,3.650868,5.425817,9.840117,2.752861
,,,,,
,,,,,
,-0.431049,6.079789,8.59788,6.621528,2.617843
,,,,,
,,,,,
,1.44753,5.084364,8.958847,10.357219,16.767839
,,,,,
,,,,,
,,,,,
2.025867,,,,,
-1.732633,,,,,
1.090627,,,,,
0.146745,,,,,
-1.280771,,,,,
6.96742,,,,,
,,,,,
,,,,,
,-0.092871,3.288305,6.364944,8.787874,11.523163
,,,,,
,,,,,
,,,,,
,,,,,
,,,,,
,,,,,
,,,,,
,,,,,
,,,,,
,-2.339609,1.807483,4.084765,4.516132,5.460413
,,,,,
,,,,,
,0.493443,2.535432,2.796894,4.030899,3.102873
,,,,,
,,,,,
,0.941842,1.668163,4.252729,4.876956,3.585064
,,,,,
,,,,,
,,,,,
,,,,,
,,,,,
,,,,,
,,,,,
,,,,,
-1.218639,,,,,
,,,,,
,,,,,
,1.436157,1.84929,2.870874,-0.04731,5.720003
,,,,,
,,,,,
,1.469205,1.238065,2.81736,1.880838,-2.393521
,,,,,
,,,,,
,,,,,
,,,,,
,,,,,
,,,,,
,,,,,
,,,,,
,1.090162,0.59302,4.265987,1.266845,6.26052
,,,,,
,,,,,
,0.578072,-0.031022,-0.196794,6.07408,3.165926
,,,,,
,,,,,
,0.659509,0.412312,2.225152,3.510137,-2.558746
,,,,,
-0.489539,,,,,
-1.048663,,,,,
-1.446792,,,,,
1.236439,,,,,
-3.034922,,,,,
-2.92194,,,,,
-1.215744,,,,,
,,,,,
,,,,,
,,,,,
,0.280611,1.526123,-0.087829,2.850918,2.060534
,,,,,
,,,,,
,,,,,
,,,,,
,,,,,
,,,,,
,,,,,
,,,,,
,,,,,
,,,,,
,,,,,
,-0.082741,2.222362,2.929471,4.403612,4.236383
,,,,,
,,,,,
,-0.361436,0.719754,1.361871,-1.813925,1.412091
,,,,,
,,,,,
,1.289243,1.447062,-0.255419,-1.052598,8.842228
,,,,,
,,,,,
-1.111059,,,,,
-0.010504,,,,,
1.359227,,,,,
1.752729,,,,,
1.703908,,,,,
1.17456,,,,,
,,,,,
,,,,,
,,,,,
,,,,,
,,,,,
,,,,,
,,,,,
,,,,,
,,,,,
,,,,,
,,,,,
,,,,,
,,,,,
,,,,,
,,,,,
,,,,,
,,,,,
,,,,,
,,,,,
,,,,,
,,,,,
,,,,,
,,,,,
,,,,,
,,,,,
,,,,,
,,,,,
,,,,,
,,,,,
,,,,,
,,,,,
,,,,,
,,,,,
,,,,,
,,,,,
,,,,,
,,,,,
,,,,,
,,,,,
,,,,,
,,,,,
,,,,,
,,,,,
,,,,,
,,,,,
,,,,,
,,,,,
,,,,,
,,,,,
,,,,,
,,,,,
,,,,,
,,,,,
,,,,,
,,,,,
,,,,,
,,,,,
,,,,,
,,,,,
