flux_u,flux_g,flux_r,flux_i,flux_z,flux_Y
,-2.137084,-1.536975,-5.368469,-4.049639,-6.495382
,,,,,
,,,,,
,,,,,
,,,,,
,,,,,
,,,,,
,,,,,
,,,,,
,,,,,
,,,,,
,,,,,
,,,,,
,,,,,
,-2.56456,-4.287501,-0.954983,-6.06957,-5.528681
,,,,,
,,,,,
,-2.750779,-4.822106,-4.140489,-8.059744,-8.665982
,,,,,
,,,,,
,,,,,
,,,,,
,,,,,
,,,,,
,,,,,
,,,,,
-1.961407,,,,,
,,,,,
,,,,,
,-1.502429,-2.505638,-3.412979,-4.085374,-8.373221
,,,,,
,,,,,
,-4.996195,-0.397683,-1.179375,-4.018426,-7.468557
,,,,,
,,,,,
,,,,,
,,,,,
,,,,,
,,,,,
,,,,,
,,,,,
,,,,,
,-4.177473,-2.444049,-5.151268,-5.63563,-5.602282
,,,,,
,,,,,
,-3.995161,-2.332539,-3.998906,-4.093085,-5.168454
,,,,,
,,,,,
,-3.088133,-4.29399,-2.179389,-5.013546,-4.191494
-4.080612,,,,,
-2.417793,,,,,
-2.913435,,,,,
-3.481132,,,,,
-2.149763,,,,,
-4.005581,,,,,
-5.153923,,,,,
,,,,,
,,,,,
,,,,,
,-3.447845,-4.203523,-2.647725,-3.243337,-6.827507
,,,,,
,,,,,
,-6.112044,-4.41608,-4.20021,-5.973309,-9.424627
,,,,,
,,,,,
,,,,,
,,,,,
,,,,,
,,,,,
,,,,,
,,,,,
,-2.473072,-2.300507,-4.706514,-2.587314,-15.226614
,,,,,
,,,,,
,-1.509156,-2.168288,-4.956348,-9.462481,-5.227852
,,,,,
,,,,,
,-2.701269,-3.65036,-4.026586,-1.446667,-10.941621
,,,,,
-4.088275,,,,,
-0.146061,,,,,
0.254226,,,,,
-2.823937,,,,,
-1.118694,,,,,
-2.968119,,,,,
-4.258434,,,,,
,,,,,
,,,,,
,-2.218218,-3.580175,-2.131691,-2.247597,-8.084416
,,,,,
,,,,,
,-0.259014,-4.867803,-3.249115,-2.509078,-6.835615
,,,,,
,,,,,
,,,,,
,,,,,
,,,,,
,,,,,
,,,,,
,-2.199886,-2.991237,-2.309376,-6.130855,0.472766
,,,,,
,,,,,
,-1.358858,-4.125121,-2.12386,-3.382381,-10.48487
,,,,,
,,,,,
,-2.730198,-2.861951,-1.390911,-2.759723,-9.107642
,,,,,
,,,,,
,-1.272351,-2.368332,-2.728716,-5.628902,-2.253841
,,,,,
-3.031785,,,,,
-4.306294,,,,,
-4.249286,,,,,
-2.257159,,,,,
-5.395558,,,,,
,,,,,
,,,,,
,-3.562782,-2.91197,-3.990683,-3.462206,-5.103813
,,,,,
,,,,,
,-6.060189,-3.352125,-2.693959,-3.537676,-4.839431
,,,,,
,,,,,
,,,,,
,,,,,
,,,,,
,,,,,
,,,,,
,,,,,
,,,,,
,,,,,
,,,,,
,,,,,
,,,,,
,,,,,
,,,,,
,,,,,
,,,,,
,,,,,
,,,,,
,,,,,
,,,,,
,,,,,
,,,,,
,,,,,
,,,,,
,,,,,
,,,,,
,,,,,
,,,,,
,,,,,
,,,,,
,,,,,
,,,,,
,,,,,
,,,,,
,,,,,
,,,,,
,,,,,
,,,,,
,,,,,
,,,,,
,,,,,
,,,,,
,,,,,
,,,,,
,,,,,
,,,,,
,,,,,
,,,,,
,,,,,
,,,,,
,,,,,
,,,,,
,,,,,
,,,,,
,,,,,
,,,,,
,,,,,
,,,,,
,,,,,
,,,,,
,,,,,
,,,,,
,,,,,
,,,,,
,,,,,
,,,,,
,,,,,
,,,,,
,,,,,
,,,,,
,,,,,
,,,,,
,,,,,
,,,,,
,,,,,
,,,,,
,,,,,
,,,,,
