flux_u,flux_g,flux_r,flux_i,flux_z,flux_Y
,1.993801,4.244812,18.011944,17.663124,7.278553
,,,,,
,,,,,
,-0.756807,8.333312,19.434452,21.032778,21.48254
,,,,,
,,,,,
,,,,,
,,,,,
,,,,,
,,,,,
,,,,,
,,,,,
,,,,,
,,,,,
,,,,,
,,,,,
,,,,,
,,,,,
,,,,,
,,,,,
1.151201,,,,,
2.74698,,,,,
-0.175991,,,,,
3.082234,,,,,
-1.941457,,,,,
3.893358,,,,,
,,,,,
,,,,,
,0.533858,2.527966,9.192017,20.149508,21.115709
,,,,,
,,,,,
,,,,,
,,,,,
,,,,,
,,,,,
,,,,,
,,,,,
,,,,,
,,,,,
,,,,,
,,,,,
,,,,,
,,,,,
,,,,,
,-0.123009,-0.444844,3.727724,6.796975,2.692277
,,,,,
,,,,,
,,,,,
,,,,,
,,,,,
,,,,,
,,,,,
,,,,,
1.000192,,,,,
,,,,,
,,,,,
,1.260626,-1.809857,2.440529,3.243879,4.935279
,,,,,
,,,,,
,-0.808995,5.081806,-1.763436,4.02501,11.672817
,,,,,
,,,,,
,,,,,
,,,,,
,,,,,
,,,,,
,,,,,
,,,,,
,,,,,
,-1.492145,1.404147,-0.554261,6.511249,5.935275
,,,,,
,,,,,
,1.661152,1.917413,0.223748,-2.373416,1.589503
,,,,,
,,,,,
,-1.532357,-0.159663,-1.6497,4.019305,5.053667
-0.081322,,,,,
-3.245444,,,,,
2.190031,,,,,
-1.036228,,,,,
4.85786,,,,,
-1.749427,,,,,
-0.03559,,,,,
,,,,,
,,,,,
,,,,,
,-0.720426,-0.201331,3.407763,2.740727,3.281889
,,,,,
,,,,,
,-1.108921,1.433848,3.157189,7.451305,-6.403
,,,,,
,,,,,
,,,,,
,,,,,
,,,,,
,,,,,
,,,,,
,,,,,
,0.007504,-0.089299,0.820492,1.02064,-6.038275
,,,,,
,,,,,
,-0.912936,0.400608,2.887117,7.936652,4.142849
,,,,,
,,,,,
,-0.608533,-0.620751,1.527,-0.364492,1.20007
,,,,,
1.313162,,,,,
5.87559,,,,,
-2.32424,,,,,
-0.992925,,,,,
-2.766383,,,,,
-4.432038,,,,,
0.893612,,,,,
,,,,,
,,,,,
,,,,,
,-0.379966,-1.196225,4.158803,-1.3601,0.258031
,,,,,
,,,,,
,,,,,
,,,,,
,,,,,
,,,,,
,,,,,
,,,,,
,,,,,
,0.697353,1.60722,2.486895,-3.998459,-5.522818
,,,,,
,,,,,
,1.625383,-2.955165,1.345082,1.768731,8.668797
,,,,,
,,,,,
,-0.101431,-0.12946,1.244904,-0.221667,7.583237
,,,,,
,,,,,
,-1.215998,0.177967,-1.921118,-0.56361,6.957527
2.69092,,,,,
-1.122811,,,,,
3.133391,,,,,
2.608795,,,,,
1.929316,,,,,
-0.035133,,,,,
,,,,,
,,,,,
,,,,,
,,,,,
,,,,,
,,,,,
,,,,,
,,,,,
,,,,,
,,,,,
,,,,,
,,,,,
,,,,,
,,,,,
,,,,,
,,,,,
,,,,,
,,,,,
,,,,,
,,,,,
,,,,,
,,,,,
,,,,,
,,,,,
,,,,,
,,,,,
,,,,,
,,,,,
,,,,,
,,,,,
,,,,,
,,,,,
,,,,,
,,,,,
,,,,,
,,,,,
,,,,,
,,,,,
,,,,,
,,,,,
,,,,,
,,,,,
,,,,,
,,,,,
,,,,,
,,,,,
,,,,,
,,,,,
,,,,,
,,,,,
,,,,,
,,,,,
,,,,,
,,,,,
,,,,,
,,,,,
,,,,,
,,,,,
