flux_u,flux_g,flux_r,flux_i,flux_z,flux_Y
,1.531634,5.253525,9.817761,6.28676,
,,,,,
,0.739866,4.394162,12.434231,19.237444,11.70988
,,,,,
,,,,,
,,,,,
,,,,,
,,,,,
,,,,,
,,,,,
,,,,,
,,,,,
,,,,,
,,,,,
,,,,,
,,,,,
,,,,,
,-0.498182,1.080731,8.081462,16.900616,20.592901
,,,,,
,,,,,
,0.964914,0.895089,9.481586,15.662042,15.702407
,,,,,
,,,,,
,,,,,
,,,,,
,,,,,
,,,,,
,,,,,
,,,,,
,0.360713,-3.132048,7.236028,13.716597,5.120764
,,,,,
,,,,,
,-0.136667,2.692228,4.479156,10.813793,9.936303
,,,,,
,,,,,
,,,,,
,,,,,
,,,,,
,,,,,
,,,,,
,,,,,
,,,,,
,,,,,
,,,,,
,,,,,
,,,,,
,,,,,
,2.524462,0.254315,-0.657906,4.593329,5.879413
,,,,,
,,,,,
,-4.466926,2.331101,3.967278,8.451035,7.595184
,,,,,
,,,,,
,,,,,
,,,,,
,,,,,
,,,,,
,-1.166787,0.121643,1.957003,6.328967,4.296084
,,,,,
,,,,,
,-0.650567,-0.086024,5.4,1.634859,3.939956
,,,,,
,,,,,
,0.556235,-0.84417,1.396948,3.981399,1.459453
,,,,,
,,,,,
,,,,,
,,,,,
,,,,,
-1.079939,,,,,
-3.70137,,,,,
-3.368548,,,,,
-3.832182,,,,,
1.051503,,,,,
,,,,,
,,,,,
,,,,,
,,,,,
,,,,,
,,,,,
,,,,,
,,,,,
,,,,,
,,,,,
,,,,,
,3.983009,0.500101,3.504954,0.977841,-2.077883
,,,,,
,,,,,
,,,,,
,-0.572697,-0.188737,-0.298438,-0.815806,-10.045938
,,,,,
,,,,,
,0.352857,-1.357526,1.121899,2.260056,4.463366
,,,,,
,,,,,
,,,,,
,,,,,
,,,,,
,,,,,
,,,,,
,,,,,
0.188913,,,,,
,,,,,
,,,,,
,0.608063,-0.850961,2.154587,2.757613,13.863193
,,,,,
,,,,,
,2.267159,-0.212104,-2.103569,-0.377191,7.809539
,,,,,
,,,,,
,,,,,
,,,,,
,,,,,
,,,,,
,-2.090248,-0.018188,0.458916,0.448647,-6.759037
,,,,,
,,,,,
,0.986401,-1.983447,-2.353754,4.215295,8.322275
,,,,,
,,,,,
,0.407488,0.110063,-1.918234,2.941688,4.612669
,,,,,
,,,,,
,-0.829397,0.587376,-0.299488,-0.428244,7.567966
1.703953,,,,,
-1.156302,,,,,
0.306178,,,,,
-3.803511,,,,,
2.372552,,,,,
-1.436084,,,,,
-0.199887,,,,,
,,,,,
,,,,,
,,,,,
,0.64811,-1.489728,2.29244,1.151207,-0.968898
,,,,,
,,,,,
,3.655078,0.082183,-0.204931,-2.263108,0.258841
,,,,,
,,,,,
,,,,,
,,,,,
,,,,,
,,,,,
,,,,,
,,,,,
,,,,,
,,,,,
,,,,,
,,,,,
,,,,,
,,,,,
,,,,,
,,,,,
,,,,,
,,,,,
,,,,,
,,,,,
,,,,,
,,,,,
,,,,,
,,,,,
,,,,,
,,,,,
,,,,,
,,,,,
,,,,,
,,,,,
,,,,,
,,,,,
,,,,,
,,,,,
,,,,,
,,,,,
,,,,,
,,,,,
,,,,,
,,,,,
,,,,,
,,,,,
,,,,,
,,,,,
,,,,,
,,,,,
,,,,,
,,,,,
,,,,,
,,,,,
,,,,,
,,,,,
,,,,,
,,,,,
,,,,,
,,,,,
,,,,,
,,,,,
,,,,,
,,,,,
,,,,,
,,,,,
