flux_u,flux_g,flux_r,flux_i,flux_z,flux_Y
,-9.192411,-7.185615,-9.591433,-4.946774,
,,,,,
,-8.125069,-5.928499,-9.673286,-7.268101,-16.020321
,,,,,
,,,,,
,,,,,
,,,,,
,,,,,
,,,,,
,,,,,
,,,,,
,,,,,
,,,,,
,,,,,
,,,,,
,,,,,
,,,,,
,-7.413556,-7.814136,-7.934498,-8.695071,-14.32789
,,,,,
,,,,,
,-11.734531,-5.917564,-10.665291,-9.270871,-11.810399
,,,,,
,,,,,
,,,,,
,,,,,
,,,,,
,,,,,
,,,,,
,,,,,
,-8.98079,-3.938914,-8.516698,-9.248356,-14.124429
,,,,,
,,,,,
,-9.836196,-8.449901,-11.092453,-10.525722,-15.910031
,,,,,
,,,,,
,,,,,
,,,,,
,,,,,
,,,,,
,,,,,
,,,,,
,,,,,
,,,,,
,,,,,
,,,,,
,,,,,
,,,,,
,-8.673651,-8.034936,-11.311155,-4.087943,-14.56155
,,,,,
,,,,,
,-8.893034,-4.876948,-8.049488,-11.519507,-13.7144
,,,,,
,,,,,
,,,,,
,,,,,
,,,,,
,,,,,
,-10.195501,-4.901039,-7.867765,-8.687227,-10.268139
,,,,,
,,,,,
,-8.256084,-7.343096,-10.648499,-3.77458,0.391832
,,,,,
,,,,,
,-8.937303,-7.323087,-11.166593,-8.025597,-16.105667
,,,,,
,,,,,
,,,,,
,,,,,
,,,,,
-6.268794,,,,,
-9.374555,,,,,
-4.795994,,,,,
-7.59548,,,,,
-9.870945,,,,,
,,,,,
,,,,,
,,,,,
,,,,,
,,,,,
,,,,,
,,,,,
,,,,,
,,,,,
,,,,,
,,,,,
,-8.183105,-5.019286,-8.795392,-14.103053,-10.907613
,,,,,
,,,,,
,,,,,
,-8.731932,-10.654083,-11.643322,-10.442308,-14.795184
,,,,,
,,,,,
,-7.892654,-9.86345,-7.968715,-7.912583,-14.244685
,,,,,
,,,,,
,,,,,
,,,,,
,,,,,
,,,,,
,,,,,
,,,,,
-6.585757,,,,,
,,,,,
,,,,,
,-10.236499,-7.281942,-9.437984,-11.995451,-10.448272
,,,,,
,,,,,
,-10.789824,-7.825537,-11.523825,-5.879706,-16.413786
,,,,,
,,,,,
,,,,,
,,,,,
,,,,,
,,,,,
,-10.058544,-7.929226,-8.38699,-9.571837,-17.387264
,,,,,
,,,,,
,-8.64812,-7.468034,-11.441127,-4.888573,-12.282812
,,,,,
,,,,,
,-7.383258,-9.88768,-8.032098,-11.571718,-7.514176
,,,,,
,,,,,
,-8.983176,-8.782806,-12.135119,-7.122698,-7.975852
-8.819402,,,,,
-11.817781,,,,,
-6.408875,,,,,
-7.366868,,,,,
-7.369332,,,,,
-5.836711,,,,,
-7.696624,,,,,
,,,,,
,,,,,
,,,,,
,-9.133041,-8.11502,-9.561322,-6.090089,-5.564283
,,,,,
,,,,,
,-3.803629,-8.303943,-12.219622,-7.674106,-6.80284
,,,,,
,,,,,
,,,,,
,,,,,
,,,,,
,,,,,
,,,,,
,,,,,
,,,,,
,,,,,
,,,,,
,,,,,
,,,,,
,,,,,
,,,,,
,,,,,
,,,,,
,,,,,
,,,,,
,,,,,
,,,,,
,,,,,
,,,,,
,,,,,
,,,,,
,,,,,
,,,,,
,,,,,
,,,,,
,,,,,
,,,,,
,,,,,
,,,,,
,,,,,
,,,,,
,,,,,
,,,,,
,,,,,
,,,,,
,,,,,
,,,,,
,,,,,
,,,,,
,,,,,
,,,,,
,,,,,
,,,,,
,,,,,
,,,,,
,,,,,
,,,,,
,,,,,
,,,,,
,,,,,
,,,,,
,,,,,
,,,,,
,,,,,
,,,,,
,,,,,
,,,,,
,,,,,
