flux_u,flux_g,flux_r,flux_i,flux_z,flux_Y
-5.950881,,,,,
3.018297,,,,,
-0.700512,,,,,
-1.361163,,,,,
,,,,,
,,,,,
,,,,,
,,,,,
,,,,,
,-3.005143,2.222723,1.68092,-0.756904,-1.598437
,,,,,
,,,,,
,,,,,
,,,,,
,,,,,
,,,,,
,,,,,
,,,,,
,,,,,
,,,,,
,,,,,
,-0.590602,-0.618505,-1.706572,-0.44874,
,,,,,
,,,,,
,,,,,
-0.750744,,,,,
-1.111435,,,,,
,,,,,
,,,,,
,,,,,
,,,,,
,,,,,
,,,,,
,-2.145585,0.211705,0.658695,-2.725964,10.54516
,,,,,
,,,,,
,-0.193924,0.988175,-1.201601,0.87468,-0.715192
,,,,,
,,,,,
,-0.887362,0.08624,-2.84498,5.642447,0.28971
,,,,,
,,,,,
,,,,,
,,,,,
,,,,,
,,,,,
,,,,,
,-0.667319,-0.386095,0.297837,-0.850534,3.94398
,,,,,
,,,,,
,-0.93287,0.209159,1.737653,2.847591,2.941491
,,,,,
,,,,,
,,,,,
,,,,,
0.484883,,,,,
0.154329,,,,,
7.942975,,,,,
-4.174566,,,,,
3.786815,,,,,
-0.94124,,,,,
3.063795,,,,,
,,,,,
,,,,,
,,,,,
,,,,,
,,,,,
,,,,,
,-0.596924,-1.120772,1.523547,-1.577249,95.989151
,,,,,
,,,,,
,,,,,
,,,,,
,,,,,
,,,,,
,2.948007,-0.457716,1.393088,1.934822,0.041459
,,,,,
,,,,,
,-0.447621,1.138324,-0.666662,-2.585849,-16.731747
,,,,,
,,,,,
,-1.123516,-0.573697,-0.119668,-0.591487,-6.547836
,,,,,
-1.316005,,,,,
-0.353712,,,,,
1.323796,,,,,
0.407524,,,,,
-0.252214,,,,,
-0.008206,,,,,
-0.618995,,,,,
,,,,,
,,,,,
,,,,,
,,,,,
,4.224734,5.138832,7.022067,8.685255,12.427755
,,,,,
,,,,,
,-1.504461,6.297586,5.709885,9.379912,20.780327
,,,,,
,,,,,
,,,,,
,,,,,
,,,,,
,,,,,
,4.186678,9.795794,12.442189,17.400808,21.421721
,,,,,
,,,,,
,4.632855,6.936356,15.304344,13.962118,21.97517
,,,,,
,,,,,
,2.416261,7.278393,14.665472,18.819386,24.611902
,,,,,
,,,,,
0.923477,,,,,
0.053745,,,,,
2.378078,,,,,
0.458267,,,,,
3.967151,,,,,
1.475467,,,,,
,,,,,
,,,,,
-1.281598,,,,,
,2.365243,6.071058,5.054908,12.388909,-0.276345
,,,,,
,,,,,
,0.590844,4.020903,7.097451,11.102657,14.688521
,,,,,
,,,,,
,,,,,
,,,,,
,,,,,
,,,,,
,,,,,
,,,,,
,,,,,
,,,,,
,,,,,
,,,,,
,,,,,
,,,,,
,,,,,
,,,,,
,,,,,
,,,,,
,,,,,
,,,,,
,,,,,
,,,,,
,,,,,
,,,,,
,,,,,
,,,,,
,,,,,
,,,,,
,,,,,
,,,,,
,,,,,
,,,,,
,,,,,
,,,,,
,,,,,
,,,,,
,,,,,
,,,,,
,,,,,
,,,,,
,,,,,
,,,,,
,,,,,
,,,,,
,,,,,
,,,,,
,,,,,
,,,,,
,,,,,
,,,,,
,,,,,
,,,,,
,,,,,
,,,,,
,,,,,
,,,,,
,,,,,
,,,,,
,,,,,
,,,,,
,,,,,
,,,,,
,,,,,
,,,,,
,,,,,
,,,,,
,,,,,
,,,,,
,,,,,
,,,,,
,,,,,
,,,,,
,,,,,
,,,,,
