flux_u,flux_g,flux_r,flux_i,flux_z,flux_Y
,9.524789,7.028051,7.806458,5.703856,10.454356
,,,,,
,,,,,
,,,,,
,,,,,
,,,,,
,,,,,
,,,,,
,,,,,
,11.40157,10.919075,9.194803,12.801426,8.200462
,,,,,
,,,,,
,12.93121,11.13408,9.282052,11.573657,20.217041
,,,,,
,,,,,
,,,,,
,,,,,
,,,,,
,,,,,
,,,,,
,,,,,
,,,,,
,,,,,
,,,,,
,,,,,
,,,,,
,,,,,
,11.009331,11.97364,8.271384,10.190473,13.257877
,,,,,
,,,,,
,6.170631,8.398465,7.235698,12.779903,7.799482
,,,,,
,,,,,
,,,,,
,,,,,
,,,,,
,,,,,
,,,,,
,8.689658,13.108976,6.121086,13.690034,18.955839
,,,,,
,,,,,
,8.774231,8.497633,9.418391,11.800014,14.321407
,,,,,
,,,,,
,11.201847,9.596714,8.642641,9.398464,10.319606
,,,,,
,,,,,
,,,,,
11.472831,,,,,
9.9982,,,,,
8.493073,,,,,
10.893132,,,,,
12.396247,,,,,
12.771373,,,,,
,,,,,
,,,,,
,10.091511,10.590749,11.298034,10.069227,18.60046
,,,,,
,,,,,
,,,,,
,,,,,
,,,,,
,,,,,
,,,,,
,,,,,
,,,,,
,11.900952,11.94698,6.706859,8.899088,10.867665
,,,,,
,,,,,
,10.938815,9.058362,10.03868,7.707246,9.023341
,,,,,
,,,,,
,10.537748,9.464463,9.424723,11.809731,14.72421
,,,,,
,,,,,
,,,,,
,,,,,
,,,,,
,,,,,
,,,,,
,,,,,
9.91466,,,,,
,,,,,
,,,,,
,11.248161,12.452443,11.681782,13.199282,18.767862
,,,,,
,,,,,
,10.708487,11.570303,12.316764,10.684299,10.826279
,,,,,
,,,,,
,,,,,
,,,,,
,,,,,
,,,,,
,,,,,
,,,,,
,11.064738,10.185431,10.159342,11.288652,13.694949
,,,,,
,,,,,
,12.146014,10.893289,9.366715,14.554298,20.84697
,,,,,
,,,,,
,12.138668,11.834612,10.582718,12.896551,7.127017
,,,,,
8.942622,,,,,
9.733281,,,,,
11.749861,,,,,
12.333577,,,,,
7.282281,,,,,
7.487984,,,,,
8.884335,,,,,
,,,,,
,,,,,
,,,,,
,6.819862,8.324357,6.37283,7.66338,4.014051
,,,,,
,,,,,
,,,,,
,,,,,
,,,,,
,,,,,
,,,,,
,,,,,
,,,,,
,,,,,
,,,,,
,7.698595,8.600528,7.204795,10.583987,7.071772
,,,,,
,,,,,
,4.616051,5.571837,7.271149,5.706148,6.511476
,,,,,
,,,,,
,5.282205,5.781906,6.171995,9.491526,12.51057
,,,,,
,,,,,
4.392972,,,,,
3.221923,,,,,
5.388436,,,,,
7.168208,,,,,
2.02002,,,,,
3.016486,,,,,
,,,,,
,,,,,
,,,,,
,,,,,
,,,,,
,,,,,
,,,,,
,,,,,
,,,,,
,,,,,
,,,,,
,,,,,
,,,,,
,,,,,
,,,,,
,,,,,
,,,,,
,,,,,
,,,,,
,,,,,
,,,,,
,,,,,
,,,,,
,,,,,
,,,,,
,,,,,
,,,,,
,,,,,
,,,,,
,,,,,
,,,,,
,,,,,
,,,,,
,,,,,
,,,,,
,,,,,
,,,,,
,,,,,
,,,,,
,,,,,
,,,,,
,,,,,
,,,,,
,,,,,
,,,,,
,,,,,
,,,,,
,,,,,
,,,,,
,,,,,
,,,,,
,,,,,
,,,,,
,,,,,
,,,,,
,,,,,
,,,,,
,,,,,
,,,,,
