flux_u,flux_g,flux_r,flux_i,flux_z,flux_Y
,0.620989,-0.044085,-0.397743,0.369376,9.09003
,,,,,
,,,,,
,,,,,
,,,,,
,,,,,
,,,,,
,,,,,
,,,,,
,-4.310346,-0.451624,1.22788,4.523967,1.507444
,,,,,
,,,,,
,-0.144872,1.548517,-0.100517,1.000942,-6.097573
,,,,,
,,,,,
,,,,,
,,,,,
,,,,,
,,,,,
,,,,,
,,,,,
,,,,,
,,,,,
,,,,,
,,,,,
,,,,,
,,,,,
,0.328796,-1.363855,-2.847806,1.723971,-2.420458
,,,,,
,,,,,
,0.932833,3.694845,-3.606261,0.596602,-6.835548
,,,,,
,,,,,
,,,,,
,,,,,
,,,,,
,,,,,
,,,,,
,-2.013227,1.594472,0.5151,0.748713,1.216923
,,,,,
,,,,,
,-1.164269,-1.824132,0.177129,-1.173477,-0.55037
,,,,,
,,,,,
,1.8153,0.442268,0.142102,3.48718,0.347826
,,,,,
,,,,,
,,,,,
-2.247746,,,,,
-0.561748,,,,,
0.592064,,,,,
-5.563025,,,,,
-3.260045,,,,,
-1.125021,,,,,
,,,,,
,,,,,
,0.577948,1.058143,0.37524,-3.079046,-0.453122
,,,,,
,,,,,
,,,,,
,,,,,
,,,,,
,,,,,
,,,,,
,,,,,
,,,,,
,-2.848827,-1.11804,-0.902292,1.292005,-0.343992
,,,,,
,,,,,
,-1.383299,0.995139,0.064082,1.666654,0.565041
,,,,,
,,,,,
,-0.605909,-0.149369,-1.597415,1.255767,-0.226212
,,,,,
,,,,,
,,,,,
,,,,,
,,,,,
,,,,,
,,,,,
,,,,,
2.465807,,,,,
,,,,,
,,,,,
,-1.513079,-0.464519,-0.122319,0.112507,-2.989924
,,,,,
,,,,,
,-2.1611,-1.411012,-0.622869,0.894387,-3.103641
,,,,,
,,,,,
,,,,,
,,,,,
,,,,,
,,,,,
,,,,,
,,,,,
,0.863066,3.207331,6.448337,1.796459,15.235386
,,,,,
,,,,,
,1.22879,5.453317,7.469183,10.116096,7.998322
,,,,,
,,,,,
,1.68077,8.381644,12.64813,14.2331,6.937614
,,,,,
0.035439,,,,,
-1.2616,,,,,
-1.27452,,,,,
-1.069887,,,,,
0.317791,,,,,
-0.395055,,,,,
-0.526898,,,,,
,,,,,
,,,,,
,,,,,
,1.702631,7.980983,17.174196,23.860182,33.583145
,,,,,
,,,,,
,,,,,
,,,,,
,,,,,
,,,,,
,,,,,
,,,,,
,,,,,
,,,,,
,,,,,
,1.323365,1.872677,6.708441,11.8255,20.891092
,,,,,
,,,,,
,-0.0941,0.306921,4.639049,9.19926,19.141739
,,,,,
,,,,,
,1.278019,0.703078,3.925017,4.151557,13.130113
,,,,,
,,,,,
0.11284,,,,,
-0.898316,,,,,
-1.120965,,,,,
1.00954,,,,,
-1.146666,,,,,
-1.327033,,,,,
,,,,,
,,,,,
,,,,,
,,,,,
,,,,,
,,,,,
,,,,,
,,,,,
,,,,,
,,,,,
,,,,,
,,,,,
,,,,,
,,,,,
,,,,,
,,,,,
,,,,,
,,,,,
,,,,,
,,,,,
,,,,,
,,,,,
,,,,,
,,,,,
,,,,,
,,,,,
,,,,,
,,,,,
,,,,,
,,,,,
,,,,,
,,,,,
,,,,,
,,,,,
,,,,,
,,,,,
,,,,,
,,,,,
,,,,,
,,,,,
,,,,,
,,,,,
,,,,,
,,,,,
,,,,,
,,,,,
,,,,,
,,,,,
,,,,,
,,,,,
,,,,,
,,,,,
,,,,,
,,,,,
,,,,,
,,,,,
,,,,,
,,,,,
,,,,,
