flux_u,flux_g,flux_r,flux_i,flux_z,flux_Y
,4.201907,0.794953,-2.832895,-1.878672,
,,,,,
,1.364223,0.831174,-2.264419,0.27095,17.762745
,,,,,
,,,,,
,,,,,
,,,,,
,,,,,
,,,,,
,,,,,
,,,,,
,,,,,
,,,,,
,,,,,
,,,,,
,,,,,
,,,,,
,-0.577866,0.607908,1.367986,-2.27677,-6.708143
,,,,,
,,,,,
,-5.641312,-2.701666,-1.526475,1.243047,2.523163
,,,,,
,,,,,
,,,,,
,,,,,
,,,,,
,,,,,
,,,,,
,,,,,
,-1.974271,-2.564079,-1.382302,5.039068,0.828129
,,,,,
,,,,,
,-0.675197,-0.618443,-2.152194,5.104542,-1.68299
,,,,,
,,,,,
,,,,,
,,,,,
,,,,,
,,,,,
,,,,,
,,,,,
,,,,,
,,,,,
,,,,,
,,,,,
,,,,,
,,,,,
,2.417783,2.67844,5.82639,11.96352,16.340694
,,,,,
,,,,,
,-2.490848,4.176848,9.063091,7.887506,5.688988
,,,,,
,,,,,
,,,,,
,,,,,
,,,,,
,,,,,
,3.12706,1.45,6.360308,15.781492,11.372324
,,,,,
,,,,,
,1.177561,2.954006,9.861284,13.759672,16.155413
,,,,,
,,,,,
,1.732924,2.447118,6.370779,15.726234,23.982992
,,,,,
,,,,,
,,,,,
,,,,,
,,,,,
1.734526,,,,,
-1.549546,,,,,
2.240737,,,,,
1.009151,,,,,
1.046981,,,,,
,,,,,
,,,,,
,,,,,
,,,,,
,,,,,
,,,,,
,,,,,
,,,,,
,,,,,
,,,,,
,,,,,
,7.684931,-2.775481,4.681001,5.806716,17.090424
,,,,,
,,,,,
,,,,,
,-0.409377,2.275669,1.472141,6.975403,4.151256
,,,,,
,,,,,
,-0.665844,1.058037,1.823131,6.098097,7.047401
,,,,,
,,,,,
,,,,,
,,,,,
,,,,,
,,,,,
,,,,,
,,,,,
-1.530346,,,,,
,,,,,
,,,,,
,-1.051221,0.965584,-0.930326,7.214657,4.080952
,,,,,
,,,,,
,2.050971,-2.552005,1.838834,4.313174,6.199185
,,,,,
,,,,,
,,,,,
,,,,,
,,,,,
,,,,,
,0.906809,-0.546845,1.919097,0.784236,-1.048931
,,,,,
,,,,,
,0.73641,-0.268058,1.166654,-3.111489,0.398221
,,,,,
,,,,,
,0.515841,1.987484,-0.20005,0.972699,9.327119
,,,,,
,,,,,
,0.323405,0.007916,-0.09142,-2.193931,4.330374
-3.902937,,,,,
2.346436,,,,,
1.989957,,,,,
-0.739714,,,,,
1.56099,,,,,
1.494731,,,,,
0.658578,,,,,
,,,,,
,,,,,
,,,,,
,1.310358,0.025744,-1.920072,5.243013,3.140633
,,,,,
,,,,,
,-2.494037,0.88493,0.268758,-2.10316,-1.847866
,,,,,
,,,,,
,,,,,
,,,,,
,,,,,
,,,,,
,,,,,
,,,,,
,,,,,
,,,,,
,,,,,
,,,,,
,,,,,
,,,,,
,,,,,
,,,,,
,,,,,
,,,,,
,,,,,
,,,,,
,,,,,
,,,,,
,,,,,
,,,,,
,,,,,
,,,,,
,,,,,
,,,,,
,,,,,
,,,,,
,,,,,
,,,,,
,,,,,
,,,,,
,,,,,
,,,,,
,,,,,
,,,,,
,,,,,
,,,,,
,,,,,
,,,,,
,,,,,
,,,,,
,,,,,
,,,,,
,,,,,
,,,,,
,,,,,
,,,,,
,,,,,
,,,,,
,,,,,
,,,,,
,,,,,
,,,,,
,,,,,
,,,,,
,,,,,
,,,,,
,,,,,
,,,,,
