flux_u,flux_g,flux_r,flux_i,flux_z,flux_Y
,-0.46323,0.453553,1.526079,1.887655,6.399268
,,,,,
,,,,,
,,,,,
,,,,,
,,,,,
,,,,,
,,,,,
,,,,,
,-6.24599,3.184567,0.884224,9.508734,7.179869
,,,,,
,,,,,
,-0.352209,-2.002124,-0.947396,-1.356922,-6.375031
,,,,,
,,,,,
,,,,,
,,,,,
,,,,,
,,,,,
,,,,,
,,,,,
,,,,,
,,,,,
,,,,,
,,,,,
,,,,,
,,,,,
,1.345271,-0.398987,0.814127,-1.444209,-10.400902
,,,,,
,,,,,
,-0.172254,-0.655827,-0.420724,0.528781,6.661394
,,,,,
,,,,,
,,,,,
,,,,,
,,,,,
,,,,,
,,,,,
,-0.875953,-2.044476,-2.730707,-0.239194,5.447963
,,,,,
,,,,,
,-0.834324,1.673217,0.256937,-1.280607,1.603925
,,,,,
,,,,,
,0.3033,0.659895,1.520512,1.529871,9.507514
,,,,,
,,,,,
,,,,,
1.822402,,,,,
1.797539,,,,,
-0.652552,,,,,
0.207477,,,,,
-0.933308,,,,,
-0.740585,,,,,
,,,,,
,,,,,
,-0.711396,-0.122048,-1.098666,0.465949,-0.082614
,,,,,
,,,,,
,,,,,
,,,,,
,,,,,
,,,,,
,,,,,
,,,,,
,,,,,
,-0.227175,-0.818277,-2.867619,2.316122,2.790765
,,,,,
,,,,,
,0.907216,-1.110044,-3.268247,-4.931631,-5.558454
,,,,,
,,,,,
,-0.741294,0.573899,-0.116141,-0.975502,2.055051
,,,,,
,,,,,
,,,,,
,,,,,
,,,,,
,,,,,
,,,,,
,,,,,
-2.338817,,,,,
,,,,,
,,,,,
,0.523243,-0.230688,-0.161677,-0.265293,0.545288
,,,,,
,,,,,
,10.636398,5.157454,3.999268,-0.767342,-1.425936
,,,,,
,,,,,
,,,,,
,,,,,
,,,,,
,,,,,
,,,,,
,,,,,
,52.029766,25.425768,27.548754,29.199404,32.20332
,,,,,
,,,,,
,40.142925,26.326483,26.483883,28.734577,22.89468
,,,,,
,,,,,
,30.877668,25.203604,27.520636,29.796019,30.32757
,,,,,
19.244925,,,,,
16.776793,,,,,
18.444752,,,,,
15.969912,,,,,
13.769166,,,,,
15.583835,,,,,
14.974258,,,,,
,,,,,
,,,,,
,,,,,
,13.591439,20.824997,26.097206,26.513435,35.309624
,,,,,
,,,,,
,,,,,
,,,,,
,,,,,
,,,,,
,,,,,
,,,,,
,,,,,
,,,,,
,,,,,
,4.257501,16.354475,22.959095,26.675446,21.260344
,,,,,
,,,,,
,5.37038,15.302877,22.838676,27.623922,24.81786
,,,,,
,,,,,
,5.566638,13.916509,26.091398,23.444489,16.262617
,,,,,
,,,,,
0.938402,,,,,
-0.995779,,,,,
2.319198,,,,,
-0.725732,,,,,
2.203831,,,,,
3.545371,,,,,
,,,,,
,,,,,
,,,,,
,,,,,
,,,,,
,,,,,
,,,,,
,,,,,
,,,,,
,,,,,
,,,,,
,,,,,
,,,,,
,,,,,
,,,,,
,,,,,
,,,,,
,,,,,
,,,,,
,,,,,
,,,,,
,,,,,
,,,,,
,,,,,
,,,,,
,,,,,
,,,,,
,,,,,
,,,,,
,,,,,
,,,,,
,,,,,
,,,,,
,,,,,
,,,,,
,,,,,
,,,,,
,,,,,
,,,,,
,,,,,
,,,,,
,,,,,
,,,,,
,,,,,
,,,,,
,,,,,
,,,,,
,,,,,
,,,,,
,,,,,
,,,,,
,,,,,
,,,,,
,,,,,
,,,,,
,,,,,
,,,,,
,,,,,
,,,,,
