flux_u,flux_g,flux_r,flux_i,flux_z,flux_Y
,-5.067714,-4.463081,-3.59439,-2.364625,-1.945203
,,,,,
,,,,,
,,,,,
,,,,,
,,,,,
,,,,,
,,,,,
,,,,,
,0.369549,-2.349142,-4.911569,3.025591,-12.377961
,,,,,
,,,,,
,-4.81305,-3.424916,-3.982999,-5.296042,4.182704
,,,,,
,,,,,
,,,,,
,,,,,
,,,,,
,,,,,
,,,,,
,,,,,
,,,,,
,,,,,
,,,,,
,,,,,
,,,,,
,,,,,
,-3.335993,-3.3546,-1.517407,-4.862477,1.661304
,,,,,
,,,,,
,-0.870805,-0.976509,-3.174159,-0.582523,-0.742177
,,,,,
,,,,,
,,,,,
,,,,,
,,,,,
,,,,,
,,,,,
,4.1805,2.462537,2.057523,-2.236068,1.664905
,,,,,
,,,,,
,2.13466,0.18237,2.193595,-3.159237,-10.40591
,,,,,
,,,,,
,-1.802438,-2.868492,-0.084616,-2.686416,-3.817764
,,,,,
,,,,,
,,,,,
-3.305353,,,,,
-3.658492,,,,,
-0.221286,,,,,
2.818521,,,,,
1.511253,,,,,
0.834544,,,,,
,,,,,
,,,,,
,-0.249508,-1.026656,-0.064488,-4.190416,3.085631
,,,,,
,,,,,
,,,,,
,,,,,
,,,,,
,,,,,
,,,,,
,,,,,
,,,,,
,-2.15344,-1.661801,-4.288615,1.182124,-3.294656
,,,,,
,,,,,
,-3.951671,-3.400261,-2.473419,-0.418477,-0.162222
,,,,,
,,,,,
,-4.362728,-3.379562,-2.368383,-2.304499,-4.206304
,,,,,
,,,,,
,,,,,
,,,,,
,,,,,
,,,,,
,,,,,
,,,,,
-2.304153,,,,,
,,,,,
,,,,,
,-0.855637,-4.958777,-1.975405,-2.181442,5.997354
,,,,,
,,,,,
,-0.470342,-1.589275,-0.322462,-2.34024,-9.473256
,,,,,
,,,,,
,,,,,
,,,,,
,,,,,
,,,,,
,,,,,
,,,,,
,0.944892,0.200139,-0.000598,-0.125798,-5.789994
,,,,,
,,,,,
,-1.597119,-0.619256,0.717687,2.080956,1.164624
,,,,,
,,,,,
,1.303502,0.462823,1.254672,0.207683,2.200717
,,,,,
1.660839,,,,,
-1.198962,,,,,
0.729729,,,,,
0.964045,,,,,
-2.523178,,,,,
1.687767,,,,,
0.825712,,,,,
,,,,,
,,,,,
,,,,,
,0.968616,0.758382,2.258838,2.646433,-4.250685
,,,,,
,,,,,
,,,,,
,,,,,
,,,,,
,,,,,
,,,,,
,,,,,
,,,,,
,,,,,
,,,,,
,0.138669,0.938595,-0.166492,0.247583,0.307386
,,,,,
,,,,,
,0.304129,0.039558,-0.181031,-0.39436,-10.06909
,,,,,
,,,,,
,0.91571,-0.049369,-0.390945,-2.994281,5.021377
,,,,,
,,,,,
0.279809,,,,,
-0.1112,,,,,
-0.578662,,,,,
1.211392,,,,,
4.32511,,,,,
-1.081069,,,,,
,,,,,
,,,,,
,,,,,
,,,,,
,,,,,
,,,,,
,,,,,
,,,,,
,,,,,
,,,,,
,,,,,
,,,,,
,,,,,
,,,,,
,,,,,
,,,,,
,,,,,
,,,,,
,,,,,
,,,,,
,,,,,
,,,,,
,,,,,
,,,,,
,,,,,
,,,,,
,,,,,
,,,,,
,,,,,
,,,,,
,,,,,
,,,,,
,,,,,
,,,,,
,,,,,
,,,,,
,,,,,
,,,,,
,,,,,
,,,,,
,,,,,
,,,,,
,,,,,
,,,,,
,,,,,
,,,,,
,,,,,
,,,,,
,,,,,
,,,,,
,,,,,
,,,,,
,,,,,
,,,,,
,,,,,
,,,,,
,,,,,
,,,,,
,,,,,
