flux_u,flux_g,flux_r,flux_i,flux_z,flux_Y
,0.268416,-1.550886,0.391736,-0.408701,1.937469
,,,,,
,,,,,
,0.757964,-1.386402,2.497036,3.508553,1.598311
,,,,,
,,,,,
,,,,,
,,,,,
,,,,,
-0.196476,,,,,
0.08101,,,,,
0.71906,,,,,
-2.231812,,,,,
,,,,,
,,,,,
,,,,,
,,,,,
,,,,,
,-2.124836,-1.362334,0.196545,-1.931799,-1.952774
,,,,,
,,,,,
,,,,,
,,,,,
,,,,,
,,,,,
,,,,,
,,,,,
,,,,,
,,,,,
,,,,,
,,,,,
,,,,,
,,,,,
,,,,,
3.172228,,,,,
-7.404743,,,,,
,,,,,
,,,,,
,,,,,
,,,,,
,,,,,
,,,,,
,-1.573785,-0.173131,0.352665,2.967461,-4.084912
,,,,,
,,,,,
,-1.456043,0.638913,-1.66434,-5.066677,-7.572664
,,,,,
,,,,,
,-3.630141,0.288928,-1.748904,-1.777195,3.212652
,,,,,
,,,,,
,,,,,
,,,,,
,,,,,
,,,,,
,,,,,
,0.866546,0.620181,2.142156,4.25336,-4.675283
,,,,,
,,,,,
,1.361907,0.775319,0.45772,2.977153,0.228002
,,,,,
,,,,,
,,,,,
,,,,,
-2.335891,,,,,
0.640094,,,,,
-3.035115,,,,,
1.662686,,,,,
-1.738159,,,,,
-2.632996,,,,,
1.22942,,,,,
,,,,,
,,,,,
,,,,,
,,,,,
,,,,,
,,,,,
,-2.287568,-3.074307,-2.279281,0.827722,4.60909
,,,,,
,,,,,
,,,,,
,,,,,
,,,,,
,,,,,
,1.291363,1.794644,0.088632,-2.600671,2.864295
,,,,,
,,,,,
,4.621706,5.887052,-0.949356,4.261096,4.179485
,,,,,
,,,,,
,5.493703,9.272867,5.360787,2.756476,-3.218027
,,,,,
1.248291,,,,,
1.391447,,,,,
2.108947,,,,,
1.349684,,,,,
1.052289,,,,,
-0.189111,,,,,
2.522066,,,,,
,,,,,
,,,,,
,,,,,
,,,,,
,15.383874,20.859875,19.901669,18.797485,15.814197
,,,,,
,,,,,
,10.503173,21.907293,18.472567,18.238811,25.48134
,,,,,
,,,,,
,,,,,
,,,,,
,,,,,
,,,,,
,9.630008,25.562794,26.385931,25.517925,26.769258
,,,,,
,,,,,
,8.309094,21.816292,28.077663,24.397976,29.222731
,,,,,
,,,,,
,5.337525,19.900846,26.348989,28.290117,31.416866
,,,,,
,,,,,
1.280323,,,,,
1.592673,,,,,
3.237308,,,,,
0.203871,,,,,
-1.965931,,,,,
2.260622,,,,,
,,,,,
,,,,,
,,,,,
,1.443861,8.405714,16.861471,17.515984,17.060152
,,,,,
,,,,,
,2.206855,5.436109,16.478498,14.907905,27.393045
,,,,,
,,,,,
,,,,,
,,,,,
,,,,,
,,,,,
,,,,,
,,,,,
,,,,,
,,,,,
,,,,,
,,,,,
,,,,,
,,,,,
,,,,,
,,,,,
,,,,,
,,,,,
,,,,,
,,,,,
,,,,,
,,,,,
,,,,,
,,,,,
,,,,,
,,,,,
,,,,,
,,,,,
,,,,,
,,,,,
,,,,,
,,,,,
,,,,,
,,,,,
,,,,,
,,,,,
,,,,,
,,,,,
,,,,,
,,,,,
,,,,,
,,,,,
,,,,,
,,,,,
,,,,,
,,,,,
,,,,,
,,,,,
,,,,,
,,,,,
,,,,,
,,,,,
,,,,,
,,,,,
,,,,,
,,,,,
,,,,,
,,,,,
,,,,,
,,,,,
,,,,,
,,,,,
,,,,,
,,,,,
,,,,,
