flux_u,flux_g,flux_r,flux_i,flux_z,flux_Y
,40.935852,116.37413,146.64238,149.054688,141.238022
,,,,,
,,,,,
,36.345043,117.297417,138.240295,151.36795,151.347137
,,,,,
,,,,,
,,,,,
,,,,,
,,,,,
,,,,,
,,,,,
,,,,,
,,,,,
,,,,,
,,,,,
,,,,,
,,,,,
,,,,,
,,,,,
,,,,,
19.357925,,,,,
17.174868,,,,,
15.00419,,,,,
9.052474,,,,,
12.042836,,,,,
15.100538,,,,,
,,,,,
,,,,,
,20.579153,75.38813,105.276894,118.045036,122.084312
,,,,,
,,,,,
,,,,,
,,,,,
,,,,,
,,,,,
,,,,,
,,,,,
,,,,,
,,,,,
,,,,,
,,,,,
,,,,,
,,,,,
,,,,,
,13.357635,50.294811,77.56176,92.295967,105.587761
,,,,,
,,,,,
,,,,,
,,,,,
,,,,,
,,,,,
,,,,,
,,,,,
6.664644,,,,,
,,,,,
,,,,,
,8.19183,35.251369,60.383888,74.12413,90.450302
,,,,,
,,,,,
,8.689934,29.703119,56.218212,72.153107,91.348351
,,,,,
,,,,,
,,,,,
,,,,,
,,,,,
,,,,,
,,,,,
,,,,,
,,,,,
,2.993303,23.373621,41.221809,55.85323,66.08049
,,,,,
,,,,,
,3.881102,21.424086,37.754276,55.382812,65.741997
,,,,,
,,,,,
,3.78942,18.045105,33.129601,49.017395,55.929329
-0.535389,,,,,
0.491238,,,,,
-2.088958,,,,,
-1.05115,,,,,
1.522875,,,,,
0.954164,,,,,
1.32736,,,,,
,,,,,
,,,,,
,,,,,
,2.353955,12.069708,25.505249,42.032497,46.152569
,,,,,
,,,,,
,-0.33625,10.566227,20.659456,36.859333,46.990707
,,,,,
,,,,,
,,,,,
,,,,,
,,,,,
,,,,,
,,,,,
,,,,,
,1.599462,9.190554,21.657154,29.364698,34.071884
,,,,,
,,,,,
,1.803722,9.191872,24.95923,23.539,27.886379
,,,,,
,,,,,
,0.853407,6.917812,17.367104,21.781832,31.245216
,,,,,
1.196185,,,,,
0.400105,,,,,
2.780268,,,,,
0.262962,,,,,
-1.143227,,,,,
0.599825,,,,,
-1.013261,,,,,
,,,,,
,,,,,
,,,,,
,0.212236,1.076142,11.171878,17.875498,32.041821
,,,,,
,,,,,
,,,,,
,,,,,
,,,,,
,,,,,
,,,,,
,,,,,
,,,,,
,-0.105788,4.896708,8.083999,14.512002,22.403755
,,,,,
,,,,,
,1.374146,2.545045,5.945752,12.087388,9.406556
,,,,,
,,,,,
,-0.266605,2.247424,5.390995,10.422055,16.965883
,,,,,
,,,,,
,-0.837317,1.809161,7.030732,10.88887,9.854943
-0.099056,,,,,
0.007828,,,,,
-1.852843,,,,,
2.10357,,,,,
0.173818,,,,,
0.645512,,,,,
,,,,,
,,,,,
,,,,,
,,,,,
,,,,,
,,,,,
,,,,,
,,,,,
,,,,,
,,,,,
,,,,,
,,,,,
,,,,,
,,,,,
,,,,,
,,,,,
,,,,,
,,,,,
,,,,,
,,,,,
,,,,,
,,,,,
,,,,,
,,,,,
,,,,,
,,,,,
,,,,,
,,,,,
,,,,,
,,,,,
,,,,,
,,,,,
,,,,,
,,,,,
,,,,,
,,,,,
,,,,,
,,,,,
,,,,,
,,,,,
,,,,,
,,,,,
,,,,,
,,,,,
,,,,,
,,,,,
,,,,,
,,,,,
,,,,,
,,,,,
,,,,,
,,,,,
,,,,,
,,,,,
,,,,,
,,,,,
,,,,,
,,,,,
