flux_u,flux_g,flux_r,flux_i,flux_z,flux_Y
,-0.867064,2.243695,1.991778,12.292907,
,,,,,
,1.077182,1.727624,-0.492281,-0.669933,5.12105
,,,,,
,,,,,
,,,,,
,,,,,
,,,,,
,,,,,
,,,,,
,,,,,
,,,,,
,,,,,
,,,,,
,,,,,
,,,,,
,,,,,
,-0.370712,-0.564857,-0.709989,1.734567,-6.182361
,,,,,
,,,,,
,1.203429,0.398755,1.933481,0.969454,15.189256
,,,,,
,,,,,
,,,,,
,,,,,
,,,,,
,,,,,
,,,,,
,,,,,
,-1.826048,5.566474,2.665743,-1.862834,-3.053826
,,,,,
,,,,,
,-5.672155,-2.172836,-1.588107,-1.974981,-7.12235
,,,,,
,,,,,
,,,,,
,,,,,
,,,,,
,,,,,
,,,,,
,,,,,
,,,,,
,,,,,
,,,,,
,,,,,
,,,,,
,,,,,
,1.546325,-0.204226,-1.876194,4.55686,-1.572997
,,,,,
,,,,,
,6.672649,1.102473,4.739836,1.324898,4.641423
,,,,,
,,,,,
,,,,,
,,,,,
,,,,,
,,,,,
,0.629164,3.715984,5.636479,2.812287,12.654631
,,,,,
,,,,,
,3.216229,0.704546,-0.958607,2.496792,-3.551471
,,,,,
,,,,,
,2.729517,2.068902,5.567266,5.953473,-6.021677
,,,,,
,,,,,
,,,,,
,,,,,
,,,,,
2.590585,,,,,
-0.868683,,,,,
-2.131155,,,,,
1.278424,,,,,
2.008327,,,,,
,,,,,
,,,,,
,,,,,
,,,,,
,,,,,
,,,,,
,,,,,
,,,,,
,,,,,
,,,,,
,,,,,
,-1.377147,-0.135257,1.959378,1.492097,1.696231
,,,,,
,,,,,
,,,,,
,4.780321,3.669461,3.36691,3.632678,8.432013
,,,,,
,,,,,
,3.621232,1.742812,3.881704,3.799434,-6.043738
,,,,,
,,,,,
,,,,,
,,,,,
,,,,,
,,,,,
,,,,,
,,,,,
1.521571,,,,,
,,,,,
,,,,,
,-1.030476,-1.042761,-0.214138,0.356836,-3.862978
,,,,,
,,,,,
,-1.24117,-0.75407,-0.861044,-6.319081,-0.657231
,,,,,
,,,,,
,,,,,
,,,,,
,,,,,
,,,,,
,-1.010263,-2.620852,-2.075125,-7.00888,-6.641594
,,,,,
,,,,,
,-2.262761,0.871581,-1.073338,-5.55572,-10.660665
,,,,,
,,,,,
,-3.678452,-2.762324,-4.190917,-3.972042,-9.731039
,,,,,
,,,,,
,-3.521082,-3.193975,-2.101902,-1.488767,-4.011554
-2.021689,,,,,
0.107141,,,,,
-2.731718,,,,,
-2.919479,,,,,
-0.959827,,,,,
0.488703,,,,,
-3.159433,,,,,
,,,,,
,,,,,
,,,,,
,-3.439361,-3.171855,-5.07689,-5.572305,4.073169
,,,,,
,,,,,
,-2.114162,-5.741845,-5.988135,-3.584165,-0.406131
,,,,,
,,,,,
,,,,,
,,,,,
,,,,,
,,,,,
,,,,,
,,,,,
,,,,,
,,,,,
,,,,,
,,,,,
,,,,,
,,,,,
,,,,,
,,,,,
,,,,,
,,,,,
,,,,,
,,,,,
,,,,,
,,,,,
,,,,,
,,,,,
,,,,,
,,,,,
,,,,,
,,,,,
,,,,,
,,,,,
,,,,,
,,,,,
,,,,,
,,,,,
,,,,,
,,,,,
,,,,,
,,,,,
,,,,,
,,,,,
,,,,,
,,,,,
,,,,,
,,,,,
,,,,,
,,,,,
,,,,,
,,,,,
,,,,,
,,,,,
,,,,,
,,,,,
,,,,,
,,,,,
,,,,,
,,,,,
,,,,,
,,,,,
,,,,,
,,,,,
,,,,,
,,,,,
