flux_u,flux_g,flux_r,flux_i,flux_z,flux_Y
,0.02008,0.489368,1.569997,-1.482361,-5.125267
,,,,,
,,,,,
,-3.219237,-2.593095,-0.576758,-3.215333,-2.485198
,,,,,
,,,,,
,,,,,
,,,,,
,,,,,
,,,,,
,,,,,
,,,,,
,,,,,
,,,,,
,,,,,
,,,,,
,,,,,
,,,,,
,,,,,
,,,,,
0.679466,,,,,
-0.411775,,,,,
1.201353,,,,,
-0.238557,,,,,
-0.70102,,,,,
-1.224072,,,,,
,,,,,
,,,,,
,0.928456,0.897036,-1.175646,0.24483,-1.322394
,,,,,
,,,,,
,,,,,
,,,,,
,,,,,
,,,,,
,,,,,
,,,,,
,,,,,
,,,,,
,,,,,
,,,,,
,,,,,
,,,,,
,,,,,
,2.47504,2.389474,0.587683,5.362733,-8.520755
,,,,,
,,,,,
,,,,,
,,,,,
,,,,,
,,,,,
,,,,,
,,,,,
4.192289,,,,,
,,,,,
,,,,,
,1.643463,2.858254,2.263081,-4.361335,5.296981
,,,,,
,,,,,
,4.650514,1.365648,3.068918,-0.166859,4.277388
,,,,,
,,,,,
,,,,,
,,,,,
,,,,,
,,,,,
,,,,,
,,,,,
,,,,,
,5.880279,3.093231,3.984005,6.929593,8.436897
,,,,,
,,,,,
,3.526541,2.682064,3.595049,-0.934178,12.020945
,,,,,
,,,,,
,4.724483,5.243765,2.967694,4.03425,5.454182
4.537609,,,,,
0.994885,,,,,
3.393907,,,,,
6.796259,,,,,
5.225226,,,,,
-1.697804,,,,,
1.505184,,,,,
,,,,,
,,,,,
,,,,,
,4.333675,4.281984,2.140693,4.151417,-0.502949
,,,,,
,,,,,
,5.518406,1.14504,5.346592,4.41963,13.403561
,,,,,
,,,,,
,,,,,
,,,,,
,,,,,
,,,,,
,,,,,
,,,,,
,3.454926,3.324059,4.465586,1.656834,2.733264
,,,,,
,,,,,
,2.34856,3.578159,4.3593,4.808402,21.037796
,,,,,
,,,,,
,3.129111,3.966276,2.229466,0.900155,-3.501836
,,,,,
7.14257,,,,,
4.789559,,,,,
7.512763,,,,,
5.454351,,,,,
-0.205755,,,,,
2.133316,,,,,
1.76331,,,,,
,,,,,
,,,,,
,,,,,
,2.651696,2.580141,-2.242501,0.339274,-3.782332
,,,,,
,,,,,
,,,,,
,,,,,
,,,,,
,,,,,
,,,,,
,,,,,
,,,,,
,2.975632,0.943535,-1.650666,0.540803,-0.010851
,,,,,
,,,,,
,0.957704,-3.082866,-3.433909,1.388919,-1.600119
,,,,,
,,,,,
,0.549882,-0.16106,2.167665,-3.127607,-6.788629
,,,,,
,,,,,
,-1.199883,-0.927969,-2.075082,-1.327094,-0.090721
1.96238,,,,,
0.585205,,,,,
0.797743,,,,,
-0.907998,,,,,
-3.470944,,,,,
1.125664,,,,,
,,,,,
,,,,,
,,,,,
,,,,,
,,,,,
,,,,,
,,,,,
,,,,,
,,,,,
,,,,,
,,,,,
,,,,,
,,,,,
,,,,,
,,,,,
,,,,,
,,,,,
,,,,,
,,,,,
,,,,,
,,,,,
,,,,,
,,,,,
,,,,,
,,,,,
,,,,,
,,,,,
,,,,,
,,,,,
,,,,,
,,,,,
,,,,,
,,,,,
,,,,,
,,,,,
,,,,,
,,,,,
,,,,,
,,,,,
,,,,,
,,,,,
,,,,,
,,,,,
,,,,,
,,,,,
,,,,,
,,,,,
,,,,,
,,,,,
,,,,,
,,,,,
,,,,,
,,,,,
,,,,,
,,,,,
,,,,,
,,,,,
,,,,,
