flux_u,flux_g,flux_r,flux_i,flux_z,flux_Y
1.326198,,,,,
-0.474036,,,,,
-4.410862,,,,,
-0.699499,,,,,
0.558463,,,,,
1.902617,,,,,
-0.873509,,,,,
,,,,,
,,,,,
,,,,,
,,,,,
,,,,,
,,,,,
,-0.041172,2.277162,-2.247067,2.251282,2.763474
,,,,,
,,,,,
,,,,,
,,,,,
,,,,,
,,,,,
,,,,,
,,,,,
,,,,,
,,,,,
,-0.441023,1.522979,0.66141,1.189784,4.071847
,,,,,
,,,,,
,1.837192,2.310725,-2.691719,4.34431,0.318231
1.781782,,,,,
0.072414,,,,,
0.038356,,,,,
-1.769136,,,,,
1.448262,,,,,
-1.07648,,,,,
-0.296928,,,,,
,,,,,
,,,,,
,,,,,
,,,,,
,-0.099898,0.30292,-0.208166,-0.87984,3.374815
,,,,,
,,,,,
,-2.15921,-2.134467,0.820239,-4.623526,4.573512
,,,,,
,,,,,
,,,,,
,,,,,
,,,,,
,,,,,
,,,,,
,,,,,
,0.832927,-1.29514,-0.340826,1.811402,-5.568521
,,,,,
,,,,,
,2.956068,5.403852,3.97671,6.617095,9.075034
,,,,,
,,,,,
,3.152604,6.910571,11.017255,10.484461,11.07653
0.22005,,,,,
1.792743,,,,,
0.176056,,,,,
1.25943,,,,,
1.47576,,,,,
2.265609,,,,,
,,,,,
,,,,,
-1.251779,,,,,
,4.021367,10.313114,18.690987,20.11862,15.712559
,,,,,
,,,,,
,5.317308,7.173736,16.434072,23.027304,21.243681
,,,,,
,,,,,
,3.380127,4.865957,11.462604,15.584675,32.87693
,,,,,
,,,,,
,,,,,
,,,,,
,0.71048,2.401974,11.111917,15.417431,29.355215
,,,,,
,,,,,
,0.018709,2.341343,6.099012,13.338678,19.27055
,,,,,
,,,,,
,,,,,
,,,,,
,1.061828,2.762011,6.569158,10.966389,19.605829
,,,,,
,,,,,
-0.129113,,,,,
1.374334,,,,,
2.409482,,,,,
-3.225989,,,,,
1.990349,,,,,
-0.898895,,,,,
-0.444275,,,,,
,,,,,
,-0.879642,-0.183163,5.124431,3.394306,1.853733
,,,,,
,,,,,
,-1.917482,1.458843,1.129386,3.816392,2.782407
,,,,,
,,,,,
,,,,,
,,,,,
,,,,,
,,,,,
,,,,,
,-1.666314,2.646788,-1.221477,1.787936,0.850344
,,,,,
,,,,,
,-0.415703,-0.17511,1.227854,1.294308,-4.948466
,,,,,
,,,,,
,-1.365838,0.706317,1.279214,4.322533,1.822909
,,,,,
,,,,,
0.257216,,,,,
0.747319,,,,,
-1.454859,,,,,
-3.549936,,,,,
,,,,,
,,,,,
,,,,,
,,,,,
,,,,,
,,,,,
,,,,,
,,,,,
,,,,,
,,,,,
,,,,,
,,,,,
,,,,,
,,,,,
,,,,,
,,,,,
,,,,,
,,,,,
,,,,,
,,,,,
,,,,,
,,,,,
,,,,,
,,,,,
,,,,,
,,,,,
,,,,,
,,,,,
,,,,,
,,,,,
,,,,,
,,,,,
,,,,,
,,,,,
,,,,,
,,,,,
,,,,,
,,,,,
,,,,,
,,,,,
,,,,,
,,,,,
,,,,,
,,,,,
,,,,,
,,,,,
,,,,,
,,,,,
,,,,,
,,,,,
,,,,,
,,,,,
,,,,,
,,,,,
,,,,,
,,,,,
,,,,,
,,,,,
,,,,,
,,,,,
,,,,,
,,,,,
,,,,,
,,,,,
,,,,,
,,,,,
,,,,,
,,,,,
,,,,,
,,,,,
,,,,,
,,,,,
,,,,,
,,,,,
,,,,,
,,,,,
,,,,,
,,,,,
,,,,,
