flux_u,flux_g,flux_r,flux_i,flux_z,flux_Y
,-26.9555,-31.074739,-40.856945,-45.246464,-47.026215
,,,,,
,,,,,
,,,,,
,,,,,
,,,,,
,,,,,
,,,,,
,,,,,
,,,,,
,,,,,
,,,,,
,,,,,
,,,,,
,-21.059488,-25.838221,-34.130779,-34.666328,-35.833767
,,,,,
,,,,,
,-22.001461,-23.690123,-36.267117,-31.985615,-34.06908
,,,,,
,,,,,
,,,,,
,,,,,
,,,,,
,,,,,
,,,,,
,,,,,
-19.664604,,,,,
,,,,,
,,,,,
,-21.789434,-23.734411,-32.073807,-31.890966,-30.774733
,,,,,
,,,,,
,-15.785696,-22.665808,-30.49704,-24.794254,-27.375967
,,,,,
,,,,,
,,,,,
,,,,,
,,,,,
,,,,,
,,,,,
,,,,,
,,,,,
,-15.82219,-22.276897,-27.958286,-29.316505,-30.958578
,,,,,
,,,,,
,-21.809998,-24.462385,-33.778934,-33.313686,-31.402697
,,,,,
,,,,,
,-18.102123,-21.106424,-25.924204,-28.625042,-23.565277
-18.935944,,,,,
-19.579279,,,,,
-14.367074,,,,,
-12.799459,,,,,
-19.263935,,,,,
-18.508154,,,,,
-16.913187,,,,,
,,,,,
,,,,,
,,,,,
,-12.120047,-14.014451,-19.054798,-17.765276,-22.640621
,,,,,
,,,,,
,-16.56476,-21.210716,-22.532951,-25.133738,-33.620869
,,,,,
,,,,,
,,,,,
,,,,,
,,,,,
,,,,,
,,,,,
,,,,,
,-13.654924,-15.896754,-18.969097,-20.593348,-23.191345
,,,,,
,,,,,
,-12.311357,-16.46307,-20.776985,-15.243896,-10.48452
,,,,,
,,,,,
,-16.021883,-19.188223,-25.331285,-26.734877,-26.32571
,,,,,
-13.788269,,,,,
-12.54045,,,,,
-11.165233,,,,,
-15.564742,,,,,
-21.573097,,,,,
-14.119203,,,,,
-11.085496,,,,,
,,,,,
,,,,,
,-8.425302,-8.686303,-11.135085,-11.432583,-14.809752
,,,,,
,,,,,
,0.770829,-5.521182,-5.79753,-4.257983,0.477874
,,,,,
,,,,,
,,,,,
,,,,,
,,,,,
,,,,,
,,,,,
,3.980081,4.342434,6.869246,7.432927,6.497532
,,,,,
,,,,,
,-3.417718,-4.715579,-8.459718,-6.024664,-1.549002
,,,,,
,,,,,
,-7.997466,-9.03853,-10.892289,-7.423618,-11.637754
,,,,,
,,,,,
,-0.604123,-1.243971,-0.735514,-2.643826,2.199308
,,,,,
-4.765377,,,,,
-5.209935,,,,,
-5.088748,,,,,
-3.315336,,,,,
-7.11114,,,,,
,,,,,
,,,,,
,-4.664741,-6.105276,-7.100215,-7.729649,-4.947227
,,,,,
,,,,,
,-12.772405,-14.571404,-12.501997,-17.410044,-17.138897
,,,,,
,,,,,
,,,,,
,,,,,
,,,,,
,,,,,
,,,,,
,,,,,
,,,,,
,,,,,
,,,,,
,,,,,
,,,,,
,,,,,
,,,,,
,,,,,
,,,,,
,,,,,
,,,,,
,,,,,
,,,,,
,,,,,
,,,,,
,,,,,
,,,,,
,,,,,
,,,,,
,,,,,
,,,,,
,,,,,
,,,,,
,,,,,
,,,,,
,,,,,
,,,,,
,,,,,
,,,,,
,,,,,
,,,,,
,,,,,
,,,,,
,,,,,
,,,,,
,,,,,
,,,,,
,,,,,
,,,,,
,,,,,
,,,,,
,,,,,
,,,,,
,,,,,
,,,,,
,,,,,
,,,,,
,,,,,
,,,,,
,,,,,
,,,,,
,,,,,
,,,,,
,,,,,
,,,,,
,,,,,
,,,,,
,,,,,
,,,,,
,,,,,
,,,,,
,,,,,
,,,,,
,,,,,
,,,,,
,,,,,
,,,,,
,,,,,
,,,,,
,,,,,
,,,,,
