flux_u,flux_g,flux_r,flux_i,flux_z,flux_Y
,34.986252,30.028097,31.454615,34.335682,56.304779
,,,,,
,,,,,
,29.974636,31.24383,32.042213,36.789864,58.754738
,,,,,
,,,,,
,,,,,
,,,,,
,,,,,
,,,,,
,,,,,
,,,,,
,,,,,
,,,,,
,,,,,
,,,,,
,,,,,
,,,,,
,,,,,
,,,,,
27.756077,,,,,
27.848356,,,,,
22.256441,,,,,
26.224754,,,,,
30.631334,,,,,
25.504526,,,,,
,,,,,
,,,,,
,27.694855,24.323298,28.234987,32.274788,42.845654
,,,,,
,,,,,
,,,,,
,,,,,
,,,,,
,,,,,
,,,,,
,,,,,
,,,,,
,,,,,
,,,,,
,,,,,
,,,,,
,,,,,
,,,,,
,21.395712,18.28212,21.072769,20.162733,37.689667
,,,,,
,,,,,
,,,,,
,,,,,
,,,,,
,,,,,
,,,,,
,,,,,
28.101957,,,,,
,,,,,
,,,,,
,20.892494,23.166267,24.70138,19.487299,35.455639
,,,,,
,,,,,
,31.82304,21.309887,23.197744,24.682045,39.013622
,,,,,
,,,,,
,,,,,
,,,,,
,,,,,
,,,,,
,,,,,
,,,,,
,,,,,
,24.638926,24.870813,25.909973,23.558081,36.962093
,,,,,
,,,,,
,29.980482,26.106928,28.970455,35.291851,51.103336
,,,,,
,,,,,
,28.701855,27.727783,31.754107,28.063171,51.640297
28.514322,,,,,
30.602322,,,,,
31.32527,,,,,
33.783047,,,,,
27.025257,,,,,
30.964798,,,,,
32.117836,,,,,
,,,,,
,,,,,
,,,,,
,26.288054,23.449259,27.327271,28.642353,43.146866
,,,,,
,,,,,
,25.21394,24.159946,25.273458,26.303741,35.338631
,,,,,
,,,,,
,,,,,
,,,,,
,,,,,
,,,,,
,,,,,
,,,,,
,28.816639,25.314747,30.346924,32.733639,40.059906
,,,,,
,,,,,
,25.383078,25.039164,25.346342,27.352463,41.07114
,,,,,
,,,,,
,22.122179,21.515125,20.072166,28.495409,33.093231
,,,,,
17.836464,,,,,
18.094835,,,,,
21.124022,,,,,
19.186274,,,,,
23.934893,,,,,
23.780867,,,,,
22.754515,,,,,
,,,,,
,,,,,
,,,,,
,17.466702,15.619697,16.284599,22.34016,24.455822
,,,,,
,,,,,
,,,,,
,,,,,
,,,,,
,,,,,
,,,,,
,,,,,
,,,,,
,19.787107,17.744272,21.212835,20.982555,37.492348
,,,,,
,,,,,
,21.498512,17.734961,17.801374,23.633398,35.663624
,,,,,
,,,,,
,20.413523,18.53591,21.682451,20.187826,37.677994
,,,,,
,,,,,
,19.210636,17.606653,20.272532,21.151415,37.793724
21.508635,,,,,
21.84808,,,,,
18.968552,,,,,
21.979679,,,,,
16.514341,,,,,
21.573236,,,,,
,,,,,
,,,,,
,,,,,
,,,,,
,,,,,
,,,,,
,,,,,
,,,,,
,,,,,
,,,,,
,,,,,
,,,,,
,,,,,
,,,,,
,,,,,
,,,,,
,,,,,
,,,,,
,,,,,
,,,,,
,,,,,
,,,,,
,,,,,
,,,,,
,,,,,
,,,,,
,,,,,
,,,,,
,,,,,
,,,,,
,,,,,
,,,,,
,,,,,
,,,,,
,,,,,
,,,,,
,,,,,
,,,,,
,,,,,
,,,,,
,,,,,
,,,,,
,,,,,
,,,,,
,,,,,
,,,,,
,,,,,
,,,,,
,,,,,
,,,,,
,,,,,
,,,,,
,,,,,
,,,,,
,,,,,
,,,,,
,,,,,
,,,,,
