flux_u,flux_g,flux_r,flux_i,flux_z,flux_Y
-0.872137,,,,,
-3.550059,,,,,
-0.741986,,,,,
-1.300117,,,,,
-2.605497,,,,,
-0.334684,,,,,
4.797371,,,,,
,,,,,
,,,,,
,,,,,
,,,,,
,,,,,
,,,,,
,0.517105,1.222815,0.413731,-1.239835,-0.797718
,,,,,
,,,,,
,,,,,
,,,,,
,,,,,
,,,,,
,,,,,
,,,,,
,,,,,
,,,,,
,0.857523,-0.844203,-4.220961,3.272369,3.151219
,,,,,
,,,,,
,0.909074,1.917441,-0.367231,-0.08868,-6.380797
-1.083767,,,,,
-0.826991,,,,,
-1.887081,,,,,
-2.266077,,,,,
1.735333,,,,,
0.913027,,,,,
-0.017914,,,,,
,,,,,
,,,,,
,,,,,
,,,,,
,-0.49683,0.685837,1.33774,0.169533,3.185511
,,,,,
,,,,,
,0.178687,-0.667214,-0.721856,1.809804,-20.887711
,,,,,
,,,,,
,,,,,
,,,,,
,,,,,
,,,,,
,,,,,
,,,,,
,0.79669,-0.539781,0.672285,-4.583076,7.523788
,,,,,
,,,,,
,-0.249702,-0.682348,-1.483537,-2.526424,5.373739
,,,,,
,,,,,
,-0.029155,0.22096,2.267715,-1.227901,-1.095847
0.464553,,,,,
-2.130684,,,,,
-1.8102,,,,,
1.85291,,,,,
7.201556,,,,,
-0.894113,,,,,
,,,,,
,,,,,
-2.819282,,,,,
,0.666367,2.405194,1.870746,4.146939,4.672741
,,,,,
,,,,,
,3.265644,2.480994,7.103905,4.196145,3.33372
,,,,,
,,,,,
,2.409288,3.732,4.730802,4.49725,-1.367312
,,,,,
,,,,,
,,,,,
,,,,,
,1.444362,6.684648,9.183249,10.58815,2.657185
,,,,,
,,,,,
,2.420771,6.609736,10.242743,10.91022,7.34097
,,,,,
,,,,,
,,,,,
,,,,,
,0.465173,5.511042,11.985752,10.007578,2.756486
,,,,,
,,,,,
0.348354,,,,,
-0.272695,,,,,
2.189306,,,,,
1.588599,,,,,
1.301407,,,,,
-0.037448,,,,,
1.344021,,,,,
,,,,,
,0.525021,4.29487,9.333242,16.970488,15.828569
,,,,,
,,,,,
,1.817421,1.796069,6.447719,12.474403,17.463131
,,,,,
,,,,,
,,,,,
,,,,,
,,,,,
,,,,,
,,,,,
,1.574003,1.455326,7.127742,8.422676,13.471459
,,,,,
,,,,,
,0.215472,1.991163,4.919348,10.542814,14.874717
,,,,,
,,,,,
,0.958818,1.493447,5.389112,11.997951,11.200072
,,,,,
,,,,,
-0.131857,,,,,
-0.448239,,,,,
1.143688,,,,,
-0.424788,,,,,
,,,,,
,,,,,
,,,,,
,,,,,
,,,,,
,,,,,
,,,,,
,,,,,
,,,,,
,,,,,
,,,,,
,,,,,
,,,,,
,,,,,
,,,,,
,,,,,
,,,,,
,,,,,
,,,,,
,,,,,
,,,,,
,,,,,
,,,,,
,,,,,
,,,,,
,,,,,
,,,,,
,,,,,
,,,,,
,,,,,
,,,,,
,,,,,
,,,,,
,,,,,
,,,,,
,,,,,
,,,,,
,,,,,
,,,,,
,,,,,
,,,,,
,,,,,
,,,,,
,,,,,
,,,,,
,,,,,
,,,,,
,,,,,
,,,,,
,,,,,
,,,,,
,,,,,
,,,,,
,,,,,
,,,,,
,,,,,
,,,,,
,,,,,
,,,,,
,,,,,
,,,,,
,,,,,
,,,,,
,,,,,
,,,,,
,,,,,
,,,,,
,,,,,
,,,,,
,,,,,
,,,,,
,,,,,
,,,,,
,,,,,
,,,,,
,,,,,
,,,,,
,,,,,
,,,,,
