flux_u,flux_g,flux_r,flux_i,flux_z,flux_Y
,7.661331,7.682023,6.685448,6.762252,15.843194
,,,,,
,,,,,
,,,,,
,,,,,
,,,,,
,,,,,
,,,,,
,,,,,
,12.73346,9.099776,13.669985,10.345014,16.353233
,,,,,
,,,,,
,11.315886,8.454776,13.519677,8.816168,15.402468
,,,,,
,,,,,
,,,,,
,,,,,
,,,,,
,,,,,
,,,,,
,,,,,
,,,,,
,,,,,
,,,,,
,,,,,
,,,,,
,,,,,
,8.155176,7.473872,9.713163,7.947476,8.248219
,,,,,
,,,,,
,9.74338,6.556268,8.06489,8.764815,19.303564
,,,,,
,,,,,
,,,,,
,,,,,
,,,,,
,,,,,
,,,,,
,11.143819,10.508256,12.536008,11.89962,22.675783
,,,,,
,,,,,
,12.906514,10.019721,14.28308,10.426511,29.808355
,,,,,
,,,,,
,9.178298,7.367206,10.000934,12.977947,17.145544
,,,,,
,,,,,
,,,,,
8.465841,,,,,
9.080087,,,,,
5.591529,,,,,
3.738238,,,,,
2.124954,,,,,
4.283396,,,,,
,,,,,
,,,,,
,7.728477,6.779768,6.959071,8.249097,17.452188
,,,,,
,,,,,
,,,,,
,,,,,
,,,,,
,,,,,
,,,,,
,,,,,
,,,,,
,4.430589,3.952561,8.95171,8.527994,14.996102
,,,,,
,,,,,
,4.176182,4.00152,1.764346,-1.505092,5.213606
,,,,,
,,,,,
,4.959565,4.569123,5.960758,5.224179,-0.84373
,,,,,
,,,,,
,,,,,
,,,,,
,,,,,
,,,,,
,,,,,
,,,,,
0.869582,,,,,
,,,,,
,,,,,
,1.219378,0.739386,3.825855,3.878987,2.025877
,,,,,
,,,,,
,4.736879,8.102924,2.306928,-0.429708,-2.261191
,,,,,
,,,,,
,,,,,
,,,,,
,,,,,
,,,,,
,,,,,
,,,,,
,1.908996,2.961915,0.576236,-2.183847,9.25973
,,,,,
,,,,,
,2.57931,2.068313,2.210804,1.41093,0.850896
,,,,,
,,,,,
,2.905435,1.650161,1.447141,1.724892,5.06714
,,,,,
1.102084,,,,,
0.524286,,,,,
0.489268,,,,,
4.099074,,,,,
3.156346,,,,,
2.116333,,,,,
2.578409,,,,,
,,,,,
,,,,,
,,,,,
,3.271448,3.520276,5.900672,2.314086,8.254114
,,,,,
,,,,,
,,,,,
,,,,,
,,,,,
,,,,,
,,,,,
,,,,,
,,,,,
,,,,,
,,,,,
,3.794715,4.137719,5.259438,2.084114,9.091169
,,,,,
,,,,,
,2.871293,2.029585,3.960301,4.209818,11.166652
,,,,,
,,,,,
,4.444842,4.122196,4.44786,-0.319985,8.046627
,,,,,
,,,,,
4.089698,,,,,
6.931248,,,,,
8.811202,,,,,
2.803259,,,,,
9.301115,,,,,
4.513647,,,,,
,,,,,
,,,,,
,,,,,
,,,,,
,,,,,
,,,,,
,,,,,
,,,,,
,,,,,
,,,,,
,,,,,
,,,,,
,,,,,
,,,,,
,,,,,
,,,,,
,,,,,
,,,,,
,,,,,
,,,,,
,,,,,
,,,,,
,,,,,
,,,,,
,,,,,
,,,,,
,,,,,
,,,,,
,,,,,
,,,,,
,,,,,
,,,,,
,,,,,
,,,,,
,,,,,
,,,,,
,,,,,
,,,,,
,,,,,
,,,,,
,,,,,
,,,,,
,,,,,
,,,,,
,,,,,
,,,,,
,,,,,
,,,,,
,,,,,
,,,,,
,,,,,
,,,,,
,,,,,
,,,,,
,,,,,
,,,,,
,,,,,
,,,,,
,,,,,
