flux_u,flux_g,flux_r,flux_i,flux_z,flux_Y
,0.339917,0.075494,1.160192,-0.225387,6.459076
,,,,,
,,,,,
,0.542688,3.3459,-0.789437,-1.148885,-3.177485
,,,,,
,,,,,
,,,,,
,,,,,
,,,,,
,,,,,
,,,,,
,,,,,
,3.584388,3.298833,-1.910941,-1.257336,7.019398
,,,,,
,,,,,
,1.786778,-0.40824,1.261016,-0.990632,8.012402
,,,,,
,,,,,
,,,,,
,,,,,
,,,,,
,,,,,
,,,,,
,,,,,
,,,,,
,,,,,
,,,,,
,,,,,
,,,,,
,,,,,
,0.523423,1.726159,0.200458,3.599989,-3.842915
,,,,,
,,,,,
,-0.229855,-0.156885,3.807274,2.588268,-4.984964
,,,,,
,,,,,
,,,,,
,,,,,
,,,,,
,,,,,
,-1.632536,0.695647,-2.575138,0.755027,-15.016083
,,,,,
,,,,,
,-1.059816,0.198967,1.727143,-4.77413,-1.543065
,,,,,
,,,,,
,-1.60441,0.6582,0.638538,-1.731454,-1.239472
,,,,,
,,,,,
,,,,,
,,,,,
,,,,,
-2.316677,,,,,
1.84535,,,,,
0.382754,,,,,
0.271714,,,,,
3.770863,,,,,
,,,,,
,,,,,
,,,,,
,,,,,
,,,,,
,,,,,
,,,,,
,,,,,
,,,,,
,,,,,
,,,,,
,-1.998713,1.652132,0.970434,-3.657715,0.683802
,,,,,
,,,,,
,,,,,
,0.535667,-0.406534,0.567105,1.986889,2.504991
,,,,,
,,,,,
,1.433877,-0.155776,2.621757,2.395484,-2.428441
,,,,,
,,,,,
,,,,,
,,,,,
,,,,,
,,,,,
,,,,,
,,,,,
-4.209335,,,,,
,,,,,
,,,,,
,-0.915043,1.111267,1.415243,-0.228712,3.882109
,,,,,
,,,,,
,2.574995,0.313935,7.596793,5.033013,3.165405
,,,,,
,,,,,
,,,,,
,,,,,
,,,,,
,,,,,
,0.86959,7.596204,10.619302,13.405361,17.077909
,,,,,
,,,,,
,-1.085742,5.622681,17.410841,18.97538,24.093828
,,,,,
,,,,,
,0.314804,4.614068,12.508243,21.375612,32.555527
,,,,,
,,,,,
,1.699139,6.753052,14.392263,26.281321,25.76405
0.635404,,,,,
0.855336,,,,,
-1.058026,,,,,
-0.538915,,,,,
-2.611188,,,,,
0.029417,,,,,
1.837936,,,,,
,,,,,
,,,,,
,,,,,
,2.338093,3.924406,7.13394,14.378569,16.275517
,,,,,
,,,,,
,-1.261917,5.875216,8.691801,12.78809,24.719387
,,,,,
,,,,,
,,,,,
,,,,,
,,,,,
,,,,,
,,,,,
,,,,,
,,,,,
,,,,,
,,,,,
,,,,,
,,,,,
,,,,,
,,,,,
,,,,,
,,,,,
,,,,,
,,,,,
,,,,,
,,,,,
,,,,,
,,,,,
,,,,,
,,,,,
,,,,,
,,,,,
,,,,,
,,,,,
,,,,,
,,,,,
,,,,,
,,,,,
,,,,,
,,,,,
,,,,,
,,,,,
,,,,,
,,,,,
,,,,,
,,,,,
,,,,,
,,,,,
,,,,,
,,,,,
,,,,,
,,,,,
,,,,,
,,,,,
,,,,,
,,,,,
,,,,,
,,,,,
,,,,,
,,,,,
,,,,,
,,,,,
,,,,,
,,,,,
,,,,,
,,,,,
,,,,,
,,,,,
,,,,,
,,,,,
,,,,,
,,,,,
,,,,,
,,,,,
,,,,,
,,,,,
,,,,,
,,,,,
,,,,,
,,,,,
,,,,,
,,,,,
,,,,,
,,,,,
